donor_id,name,total_donated,avg_donation_size,donation_count,campaign_count,health_screening_count,cluster_label
002ee4ed-6085-4969-9cf0-0776607ee397,Patricia Lynch,8253,393.0,21,4,3,2
003c374e-1358-471e-8f22-8a59276a0747,Joshua Gonzalez,11559,481.625,24,2,1,0
004f1a5a-796e-4d24-92f5-663c0c7fb445,Scott Mitchell,7299,486.6,15,2,3,2
00684172-e806-46da-9c17-eb839869ecc8,Phillip Ortiz,8540,474.44444444444446,18,1,2,2
006ced9f-89da-468a-9c8c-1a0ef98e8cd5,Megan Mcgee,7359,432.88235294117646,17,2,1,0
0093fcb3-b524-416f-b6fe-b8cae32d411a,Michael Sherman,12001,444.4814814814815,27,1,1,0
00b2744b-14d6-43a5-885d-232b3e4b7b0a,Andrea Moran,12671,550.9130434782609,23,2,3,1
00cba771-fb33-4590-a41e-b4140ec0c527,Edward Knight,15804,478.9090909090909,33,4,2,1
00d3e7b9-a9c2-4fd5-b3bb-1440c6f2cbe9,Felicia Cooke,10507,525.35,20,4,3,2
00dfd0dd-b64f-42df-bf25-4eec7f829f6b,Jennifer Tucker,14168,472.26666666666665,30,5,3,1
0106a48c-dfb3-4b1c-baff-563f33269393,Joseph Wright,8795,462.89473684210526,19,1,1,0
010c1b43-81e6-4cdc-8d78-a65acef426f5,Frank Riley,7052,470.1333333333333,15,5,3,2
010ccfd4-e940-4f1f-adb3-91f7d5f0bc27,Cindy Zimmerman,10346,449.82608695652175,23,1,1,0
01170fce-33a9-44c3-8990-1891c89b08ab,Kelly Martinez,1106,368.6666666666667,3,4,3,3
015c2ed2-b249-4da9-bb78-c24bc01bfda8,Maurice Hunt,8055,473.8235294117647,17,2,1,0
01642303-43b9-4565-b1ea-cff93eb2b335,Michael Aguilar,13521,450.7,30,3,2,1
0178e78b-ca2b-4c1d-8478-c54d654da361,Peter Esparza,14925,481.4516129032258,31,2,3,1
017aecc1-ec5b-44dc-a629-b78f64de6e68,Chase Wagner,8995,499.72222222222223,18,5,2,0
017dafb9-2614-4e69-a87d-4444a55e83c9,Dwayne Rose,16127,503.96875,32,2,2,1
0199ebd2-5287-4cec-9f95-e93b7305a7a4,Sandra Morris,18101,532.3823529411765,34,3,1,1
019b7753-5b69-42be-9b68-9d11394df183,Christine Gray,10833,451.375,24,5,1,0
01d00b8f-8335-498e-9eba-5d8294235b03,Martin Collins,10861,493.6818181818182,22,1,2,0
01e97589-44e7-44d2-83ec-f215c6058414,William Kane,7807,487.9375,16,3,3,2
020e7cbc-2b2a-455f-8bfa-fa9e7156bc41,Sandra King,10121,532.6842105263158,19,4,3,2
0213e574-1095-49cc-9c3d-388db5cce7f9,Brandon Rose,6888,459.2,15,5,3,2
022cf4b6-2aff-494c-af73-bd4bf94f8475,Deborah Wood,487,243.5,2,5,1,3
024e3509-a54b-49b7-a351-3dc54163aa52,Joseph Gallegos,14708,459.625,32,1,3,1
02566141-6b8b-431a-be96-232fc318b69b,Ashley Sanders,8015,471.4705882352941,17,5,1,0
0278342a-c105-42f1-a1a0-bae8531734c8,Ryan Miller,6477,431.8,15,1,3,2
02ab02f6-2bac-4a0d-bdc2-f84b166e3154,Debra Ho,7379,491.9333333333333,15,2,3,2
02ab2c2c-de2d-43e0-9171-0a096c632b21,Dakota Martinez,7682,512.1333333333333,15,5,1,0
032be5bb-852d-4ace-a3b4-ec7e72c75126,John Rogers,12672,436.9655172413793,29,2,1,1
0345bcfa-cc1d-4786-8c26-d52992b03849,Diana Kelly,12435,518.125,24,2,3,1
037be562-0921-4828-a51c-e788ce5e37ff,Samuel Lewis,7137,419.8235294117647,17,5,3,2
04346619-f18e-42eb-9374-d60fc94bf18d,Heather Scott,13592,503.4074074074074,27,4,1,1
044b5b1b-62da-4416-aafe-25ea04e084d8,Sarah Hopkins,16981,499.4411764705882,34,2,1,1
045eb9b0-29b3-4ba5-988a-6b04237c9875,Jerry Reid,10647,425.88,25,4,2,2
04765b66-2a12-4483-961c-b68158b78604,Anthony Vaughan,14766,434.2941176470589,34,5,3,1
048326c0-b939-471c-9a6f-f80369497a2b,Courtney Potter,7999,399.95,20,4,3,2
0493bf09-1fff-465f-b3bc-e9733a8c0fad,Nicholas Wilson,13105,436.8333333333333,30,5,3,1
0496be7b-16fc-4c98-b744-4158eab6da46,Jennifer Friedman,9378,586.125,16,4,3,0
04a78df8-917b-43af-af73-e76f78a0fb2e,Kimberly Smith,1018,509.0,2,5,2,3
05177781-6211-404b-ba5a-be47c96484eb,Lisa Ramirez,7134,445.875,16,1,1,0
0526a2c4-523c-4576-82d6-8390bb4195b0,Amy Jordan,11433,423.44444444444446,27,5,2,2
052a6deb-e5e3-4548-a7e6-3d9b82add0c7,Michael Cuevas,11486,574.3,20,3,1,0
05620726-05e5-446e-b6f7-2ab3ba04c8af,Ashley Krueger,15180,489.6774193548387,31,4,1,1
05772823-69a7-45c9-bd3a-beca07d3a481,Megan Kramer,14766,509.1724137931034,29,1,2,1
05c72f13-f2ff-4d01-b68b-eb1dd3ac7468,Ashlee Gordon,8112,450.6666666666667,18,1,2,2
05d13956-e1a5-4ff8-9204-2af2f626d2e7,Monica Lynch,14795,462.34375,32,1,2,1
05f4a56f-911e-452e-a64d-bfffa0051e2c,Chad Beck,15589,445.4,35,4,2,1
06071549-207d-45e2-8da3-8465615dcc08,Matthew Smith,13505,435.64516129032256,31,1,1,1
0609ae86-5c1f-41fd-acb5-2ddcd9efd0e1,Thomas Cole,13489,421.53125,32,3,3,1
060bd9f8-b730-4977-806d-03e1dfe5cd42,Jenny Perry,9680,537.7777777777778,18,1,1,0
0611d350-4243-461b-ae77-857e2cf5e39e,Julia Miller,7057,470.4666666666666,15,1,3,2
0641295b-ce22-4d25-bd22-235a9c19808a,Joshua Aguilar,13936,449.5483870967742,31,1,2,1
065c5194-b678-44dd-9df6-29101fa5d57b,Beth Castro,10329,469.5,22,5,3,2
067c7536-bbb2-4aa7-9b5f-7d50dc620a50,Christopher Padilla,16232,523.6129032258065,31,1,3,1
068815af-4e70-447a-b267-8fb55972f649,Katherine Jones,8009,500.5625,16,2,1,0
069081fa-e46f-47b7-aa16-619ad3671862,Daniel Mcintyre,10820,432.8,25,5,2,2
06b2c83a-8f99-4891-91ca-4279b310d78c,Robert Fuentes,9565,531.3888888888889,18,3,1,0
0718c6fe-b52e-4df5-b353-754a863ab27b,Zachary Burke,9827,517.2105263157895,19,2,1,0
07338794-c8f2-464c-b29a-9f1722ff75a3,Melissa Bowen,6370,424.6666666666667,15,4,2,2
0748175f-9a12-4919-8233-33c7b187f869,Dana Griffin,11525,523.8636363636364,22,1,1,0
077c848e-21dd-4f42-9209-bb7bf309722c,Candace Thompson,16044,501.375,32,2,3,1
07ba2820-2d0b-411c-9bc8-b02a8f3cbbf5,Patrick Mahoney,17870,525.5882352941177,34,5,2,1
07c08a95-b20e-4c0c-a920-c478180d67f3,Charles Bennett,15828,452.22857142857146,35,3,3,1
082ff939-d3a4-4410-b531-56ee76bdf63c,Jason Chambers,15442,482.5625,32,1,1,1
083b4153-5acd-4bcc-9fe2-62b22a964279,Vanessa Evans,771,385.5,2,4,2,3
0850b612-3950-41e3-8ce0-11737d091b64,Jose Russo,10977,477.2608695652174,23,4,2,0
0859aa9f-b527-4dda-ab22-2b9f935444e5,Molly Vasquez,15232,461.5757575757576,33,4,3,1
0880292e-7620-468e-8b64-2ac0c7eb23a0,Kyle Gutierrez,12026,400.8666666666667,30,3,3,2
08b688ff-5974-463c-8d73-78b65024ed33,Anthony Lozano,1524,508.0,3,1,2,3
08e6e9a2-5438-456c-881c-a42c597d8a40,Jennifer Campbell,9466,430.27272727272725,22,2,3,2
08ec7f35-6afd-44aa-8380-b5155d710f89,Stephanie Taylor,9971,524.7894736842105,19,2,1,0
094e4237-55bc-438a-af41-ef1259b44f0f,Lori Scott,8340,490.5882352941176,17,1,3,2
095d853b-5ffa-4f29-9f51-7e0bfebbfc9a,Tammy Harrison,9405,553.2352941176471,17,3,2,0
09655322-124c-4513-8b6e-0b1f0060ea81,Timothy Simpson,15155,445.7352941176471,34,1,2,1
096d9182-70c9-4066-b200-1f480c9c5c0e,Donna Wade,8621,431.05,20,3,1,0
09bd34ec-e321-441d-b6c6-8b630adab478,Catherine Shannon,11803,472.12,25,1,2,1
09cc5a9d-b3eb-45c6-8203-f3293060a4ba,Jason Steele,2107,702.3333333333334,3,3,1,0
09f6f90b-e8c9-4f8c-81e8-bec7f1f010e7,Danielle Robertson,7996,470.3529411764706,17,3,2,2
0a1b2bd4-a0b5-4294-a5b3-1f525f325114,Amber Moyer,9047,532.1764705882352,17,4,3,2
0a414243-d75b-40e2-b980-0ee52544dd21,Becky Moore,11664,466.56,25,5,2,2
0a6bb360-9e2f-4814-833f-5918fdcd6525,Michael Garcia,14208,489.9310344827586,29,2,2,1
0a6be1cc-6c67-42ac-a7e6-d550e33e3797,Ryan Gray,1924,641.3333333333334,3,4,2,0
0a7a7de1-80d3-43b8-9168-c7e595aae3f7,Brian Hicks,9271,463.55,20,1,3,2
0a81c4d2-4bbb-4f9d-a53a-caf49d5821ce,Trevor Hale,7336,458.5,16,1,1,0
0a8b47e6-a7f1-4850-a8fa-45e412f2a360,Jacob Torres,15395,452.7941176470589,34,5,2,1
0ad91275-dce9-492e-b6f5-330111a54564,Casey Ramos,16066,554.0,29,1,3,1
0b113918-d94f-40ee-b572-3b18a96579ce,James Harrison,16130,488.7878787878788,33,1,2,1
0b1d32c9-a5bc-48fb-9bb2-897afc133a69,Mark Estes,9939,432.1304347826087,23,1,2,2
0b2d4489-0c42-4a0c-8861-a46c9a6a0555,Kenneth Bradshaw,15384,496.258064516129,31,4,2,1
0b309f63-fa38-40af-a7df-3c4200a4aaa7,Teresa Jones,6868,429.25,16,3,2,2
0b3f7650-a98b-4350-ac57-585e86d1a27b,Jason Lynn,15752,450.0571428571429,35,1,2,1
0b470338-548c-4ff3-84ec-b51dfb13c44f,Christopher Wagner,10911,436.44,25,2,3,2
0b6beb5b-9df9-46a1-a46b-4235e2d840f1,Sharon Stephens,829,414.5,2,5,2,3
0b6d4819-16a3-4136-83ff-aaf69b07ee68,Michael Hall,1934,644.6666666666666,3,4,1,0
0b874b28-e3bc-4d1a-8664-7e06a33d833a,Dorothy Hall,8971,472.1578947368421,19,4,2,0
0bb41e3b-7359-424f-b644-945ecc019b7e,Brenda Chase,8234,484.3529411764706,17,2,1,0
0bbffdb0-b3e5-452a-891d-43bc7501f262,Carol Newman,7244,381.2631578947368,19,1,1,2
0bc74695-ed15-448e-a064-740f3206d009,Stephen Mcdaniel,15059,442.9117647058824,34,1,3,1
0be5c044-3228-4950-aeeb-275ac2ccba31,Christine Rodriguez,15183,506.1,30,2,1,1
0c050158-6ab8-4a27-8793-e4e35c6dfe1c,Katherine Roberts,15783,478.27272727272725,33,5,2,1
0c1def4f-0e4a-4e55-9f28-1d92864f3588,Travis Hoffman,16216,463.3142857142857,35,2,2,1
0c5539c4-61cd-4fb9-bd5e-e210e9e41af6,Mary Smith,11088,410.6666666666667,27,1,2,2
0cbf2c03-c632-4ff5-ae37-e46ea7a2be7c,James Blair,14084,440.125,32,5,2,1
0ccde19e-d62c-4c13-a5ef-5fd265a090ea,Anne Woods,2230,743.3333333333334,3,1,1,0
0cd47a3a-4503-45bb-802c-b111b43cb890,Julia Velazquez,15976,499.25,32,1,2,1
0cf81293-7a5c-48e8-b7b8-8a2069a39867,Alexandra Garza,11915,541.5909090909091,22,5,3,1
0d07f10f-9445-4bdb-b5c9-437b03440626,James Scott,8205,482.6470588235294,17,3,2,0
0d09e507-7494-4116-adf2-8b32a9990fbc,Joseph Blackburn,11087,461.9583333333333,24,3,1,0
0def33bf-4d0a-41c8-ae3f-c5020521d075,Theresa Cabrera,9887,449.4090909090909,22,1,3,2
0e174672-fa48-4e6e-b265-96087895f4d1,Stephen Anderson,8866,554.125,16,5,3,0
0e4c7eae-8e91-4187-be4a-69f19582623d,Derek Turner,16551,472.8857142857143,35,4,2,1
0e6153f5-edfd-4536-982c-6e86318ca951,Cindy Miller,9252,486.9473684210527,19,3,3,2
0e7c2455-3a4d-42fb-8b04-bc984c3620cb,Richard Murray,14167,505.9642857142857,28,4,3,1
0eee9534-51d0-4ca3-af3c-50a8c90586ca,Derek Phillips,9364,445.9047619047619,21,3,2,2
0efa7f0a-9c9f-4e09-ad5f-916165662862,Kristen Campbell,7921,528.0666666666667,15,1,3,2
0f2f6fd3-e4c0-4fab-baf3-2ea6f019c464,Nancy Green,15762,463.5882352941176,34,4,1,1
0f3d3a3c-32e4-418f-a401-f27ca3a29698,Whitney Lee,15348,465.09090909090907,33,1,3,1
0f672771-5dcc-4a70-830c-1e9def14bb1a,Melissa Hurst,9540,502.10526315789474,19,3,3,2
0f6b61f8-366d-42e8-822b-6bf42cf7ffb5,Brandon Martinez,11118,555.9,20,2,2,0
0f868f00-a2cc-44ac-a685-1b44c46d0644,Matthew Thompson,16347,510.84375,32,2,3,1
0fa00d8a-b92e-4dfd-bc82-bb3fad502ea6,Andrew Gordon,9305,465.25,20,3,1,0
0fbca3ed-44d3-44eb-92ea-afee99477576,Sandra Steele,10181,462.77272727272725,22,5,1,0
0fc55c9f-d71c-4922-8adc-3fd2854bc142,Lisa Black,8083,538.8666666666667,15,3,3,2
0fde95b8-adea-4943-9233-de8783e05c5c,Melissa Snyder,11131,445.24,25,2,3,2
100f52f6-a875-492e-9000-520fd0bbc2b5,Jill Bates,16055,458.7142857142857,35,3,3,1
10405448-9792-44c5-b790-65de50454400,Jeffery Henry,12944,539.3333333333334,24,2,1,0
105437dc-b48f-4cbe-886d-3749629dcbc7,Margaret Torres,7709,453.4705882352941,17,2,2,2
1058a3cf-cb7b-477c-88fa-b8130b28da25,Ryan Williamson,18255,521.5714285714286,35,2,2,1
10858d49-8760-4f06-92d3-0238fcb4db53,Robert Mann,8033,502.0625,16,4,1,0
10ad5a48-bcf2-452a-8c9a-dd0f0e6afe72,James Turner,13521,436.1612903225807,31,5,2,1
10b493ac-5c91-436e-98c1-57a0283dc589,Brittney Sanford,13291,443.03333333333336,30,2,2,1
10e1ef02-03fe-4e56-b660-62229ce21722,Anthony Dalton,6228,346.0,18,4,2,2
110d3cfb-a2b4-4bc5-8b2d-0abf4c670fb7,Raymond Rosales,12138,449.55555555555554,27,1,2,1
1121435c-8296-4816-baf4-6473669badaf,Brittany Moon,10158,441.6521739130435,23,1,1,0
11395d9d-ccf8-4f27-86c3-460e7db0e446,Tracy Dickerson,16381,528.4193548387096,31,3,3,1
11733031-a8ef-4abe-ba8c-03b6ff81532e,Katherine Tapia,8989,449.45,20,3,1,0
11c7509f-1571-4298-af6f-c1bc99c68ee9,Pamela Keith,11378,474.0833333333333,24,2,1,0
11ccec74-5a84-48ae-b300-67bbf4d1cb8e,Joseph Ruiz,10752,565.8947368421053,19,4,1,0
11cfd38d-41bb-4c28-ab9a-01de42032155,Danny Alvarado,8597,477.6111111111111,18,1,2,2
11e3a800-8996-45a3-856f-a73d49ddaa84,Sabrina Zimmerman,7995,499.6875,16,1,3,2
1200df2c-d983-4f3c-869c-b1968f83bf72,Kayla Keith,7232,425.4117647058824,17,4,3,2
12054914-5bbd-4481-bf0b-e42d7603e6c7,Brady Scott,1683,561.0,3,4,2,3
1207e494-171a-43c8-ab47-25e2a7c147b8,Amanda Vance,12621,394.40625,32,1,3,2
121d2b90-7870-4a64-8ec4-9451820810e2,Michelle Allen,13745,509.0740740740741,27,5,3,1
1248d5c7-2813-43e3-9404-a7fa3ea924c7,Maria Sweeney,10304,490.6666666666667,21,5,3,2
1268b2c3-f530-4844-b209-135d64acc9a9,William Johnston,8788,462.5263157894737,19,4,2,2
126d7c06-4a0d-49bf-9919-0809c49d5d93,Ryan Bean,8182,454.55555555555554,18,2,2,2
12b56280-ef2d-4753-807c-a9f958c77a2a,Aaron Duke,8970,498.3333333333333,18,3,1,0
13045a5e-2fd3-4785-ac1b-5461a6dbe715,Jeremy Jones,14209,568.36,25,4,1,0
13114049-e5f1-403b-b8f8-dae36995f861,Sarah Huff,7209,450.5625,16,3,3,2
132f2389-a0f4-41a6-93c7-b894c1cb906c,Jeffery Morgan,5923,394.8666666666667,15,5,1,0
133a007b-9784-4920-a5a9-9ea44cc1174d,Hunter Ellis,9313,465.65,20,5,1,0
13430e1d-25ef-422f-a98d-6fbe30614260,Joseph Peterson,17324,558.8387096774194,31,2,2,1
136cb770-701b-4a1c-884b-341a497ca7f5,Patrick Garza,8360,491.7647058823529,17,3,1,0
139e3c4b-7159-4d2f-9249-cc6462fdef03,Benjamin Baker,10556,502.6666666666667,21,5,1,0
13bcb143-f1e9-4495-aefe-6f998dd031e4,Monica Smith,15752,562.5714285714286,28,1,3,1
1437267d-0c5c-4ac8-8b0e-10cdfce02c71,Elizabeth Craig,7895,438.6111111111111,18,5,2,2
1457ac4a-c875-4110-8f6d-fc0f14d78473,Jonathan Bell,11536,501.5652173913044,23,4,1,0
14651697-8629-4439-a39f-3782ebe4a17f,Kelly Lopez,9554,477.7,20,5,2,0
146646dd-7032-47d9-a785-88e28975f7f6,Noah Rose,14793,510.1034482758621,29,3,1,1
14895d8c-588d-48b0-b438-1fd4d8ca5a55,Jason Bender,14811,462.84375,32,4,1,1
14aa0462-7a4a-44ce-8aa8-929039c42b50,Kristi Zhang,8372,492.4705882352941,17,5,3,2
14af4818-b72b-489d-abc6-e024f096fbb7,Paige Lee,8885,467.6315789473685,19,2,3,2
1508a870-ce1d-443b-85ae-192cdc3531bc,Kaylee Blankenship,10418,416.72,25,4,3,2
152a6f74-5620-4800-a46e-01aa845065b5,Lorraine Kaufman,6981,465.4,15,3,3,2
1554f24b-a147-4e4b-86aa-20b3329de300,Nicholas Williams,12728,410.5806451612903,31,4,1,1
157ac65e-9acc-41e3-8194-d0e6b0fee253,Cynthia Jensen,9659,419.9565217391304,23,4,3,2
158f5e29-356d-4d0c-87ab-3760e75c3617,Michelle Oconnor,12139,485.56,25,4,1,0
159a4c36-ef09-4bdc-a5da-c099e220e152,Kelly Johnson,13994,437.3125,32,1,2,1
15ff619f-592e-4d64-b017-3ac3a7366f4d,David Powell,7456,497.06666666666666,15,4,1,0
1611f746-9a5a-4544-998b-8eb48bf135df,Lisa Peterson,6725,420.3125,16,2,1,0
1624fb6d-d734-4455-ad82-f77dfd78cf89,Laura Rush,9965,498.25,20,4,3,2
1632dcbc-873d-4a5a-8d48-7040bca9d63f,Dean Huynh,13557,451.9,30,3,2,1
163372ae-8721-44dc-98f7-282564d8704a,Karl Campbell,8069,474.6470588235294,17,3,2,0
1653db57-504f-443e-95f9-efaf04ccb8cd,Christian Lewis,12757,554.6521739130435,23,1,3,1
1689a59c-95b3-457e-90d1-b5c3e196a11b,Bridget Garcia,15853,511.3870967741936,31,4,2,1
168d4986-f441-48f6-ab17-8d02e91a06ae,Andrea Mann,15772,463.88235294117646,34,4,1,1
16c300e7-5b18-4759-b3a6-e9cd6fc6c7ed,John Ramsey,16736,492.2352941176471,34,2,3,1
16d3a30f-01fa-467c-bc5d-1c0fc7a37cec,Brandon Smith,6727,448.4666666666666,15,5,3,2
16dddcb0-41f0-4193-a628-301f758c7ed9,Julia Bass,10537,526.85,20,5,2,0
16e43025-10f1-42e6-9793-e0e2f333d79c,Wesley Price,7896,438.6666666666667,18,5,2,2
16f560ac-76bc-449e-9474-395fb322505c,Roberto Lozano,13771,510.037037037037,27,4,2,1
172da016-ddef-4b63-b164-cca07c1303a1,Thomas Wright,13482,464.8965517241379,29,5,3,1
177d7144-f619-4b7f-a4ee-0ba709093065,Jason Murphy,8755,460.7894736842105,19,1,2,2
179a078c-de8f-423b-b2c5-127c5ddfaa57,Cathy Sanchez,9805,490.25,20,3,1,0
17d7d71a-5887-457e-9f51-675207d51bbb,Carol Mcgrath,713,237.66666666666663,3,4,3,3
17e03002-2a14-49ef-8595-68c8a02b0250,Sierra Gonzalez,14605,521.6071428571429,28,1,3,1
17e68de2-4b56-48b1-beea-5f003762fb5c,David Mills,665,332.5,2,4,1,3
17efca01-b251-4116-af78-e8b0f105c5d6,Timothy Nelson,13158,453.7241379310345,29,4,3,1
17fba6ec-64f9-45e9-a1a2-c1d09b9cf99d,Briana Robinson,17450,513.2352941176471,34,4,2,1
17fcb4d5-de08-45fa-89ce-306ea8a52b47,Patricia Bautista,7446,465.375,16,4,3,2
1809b272-9382-4618-8ed6-81a5ba018515,Tabitha Jackson,7995,399.75,20,3,2,2
18142272-89ad-4569-a176-674397edb5af,Clarence Holmes,8426,401.2380952380952,21,5,3,2
18200f3d-20d8-4758-9993-9968ea666e04,Janet Payne,10632,531.6,20,5,3,2
1820d636-4396-406b-8ffd-f99a3a929382,Courtney Hebert,10537,458.1304347826087,23,4,3,2
18366e0a-d82e-485e-8dde-059e6463051d,Alexander Stark,7119,474.6,15,4,1,0
18817530-4407-4a92-bdcc-ede46d9ad1b7,Shelby Cruz,13644,470.4827586206897,29,5,3,1
18982ba5-26b5-4a7b-a589-18d90a80c9b6,Debra Adams,14467,452.09375,32,1,2,1
189d3a9d-4aef-43b3-b840-7e6f23e3cdd2,Suzanne Middleton,9503,475.15,20,3,3,2
18da29d0-0334-4a61-b49f-8e2c644063ae,Russell Rasmussen,8506,472.55555555555554,18,1,1,0
18f12f0e-5abd-4833-b055-6c5dd43cd075,David Marshall,7182,422.4705882352941,17,5,1,0
190e60fa-50fd-4237-b948-cfb1bef2bf26,Sherri Duran,9676,460.7619047619048,21,4,2,2
19209e14-434d-440e-acaa-9310d23b6f45,Frank Santos,9642,567.1764705882352,17,2,3,2
1937244a-3912-4e51-9247-f7178af1c7be,Megan Smith,9392,408.3478260869565,23,3,1,0
193a439d-4798-4148-98ae-79346f779a98,Anne Howard,10817,432.68,25,5,1,0
194bf1aa-82ae-46a8-8684-da06899f2ad1,Heather Gibbs,13565,484.4642857142857,28,5,2,1
19b5b86e-e459-4ee5-9be3-1e07fd2ff7b6,Susan King,18114,517.5428571428571,35,2,1,1
19b5c6a3-a4b3-4719-9e86-ce8247452e4e,Matthew Strickland,14166,472.2,30,3,3,1
19b745bf-28a5-48a4-bc1c-91ec64bd8427,Isaac Guerrero,9426,496.10526315789474,19,4,1,0
19c49bbc-c908-44cc-bff7-b389cc883a4a,Matthew Christian,16699,506.030303030303,33,3,1,1
19e5baac-7774-44b2-bb53-b045dc52f6ec,Tara Turner,11482,441.61538461538464,26,3,3,2
19e8ff80-c4dc-4bbc-a310-a044cc15730c,Samantha Bowers,11962,543.7272727272727,22,2,1,0
19f04b63-d76a-495d-9cf8-7462b40540e9,Carolyn Hoffman,12384,476.3076923076923,26,3,2,1
1a6b7642-1cf4-47e1-ac92-ae3c7dee34b4,Angela Hinton,11172,507.8181818181818,22,3,2,0
1a6d5b7c-eba2-4786-8a64-57b6578eb534,Crystal Parker,10934,497.0,22,3,3,2
1a9c2063-77e6-4681-b33b-dc32fed47752,Ryan Dalton,8896,556.0,16,1,2,0
1aa0e41c-82eb-42ef-809c-e99d32fa2196,William Hubbard,8906,468.7368421052632,19,4,1,0
1ab1c333-c442-45d3-b07a-7eea86745d2e,Katie Gray,7933,495.8125,16,1,2,0
1af28cf5-4aa5-460c-881d-9f7a684f9fd1,Lindsay Welch,8849,520.5294117647059,17,1,3,2
1b034431-e502-4c31-ba6a-1df051e09b3c,Dylan Hayes,16588,502.6666666666667,33,5,2,1
1b0a2e8f-022a-456e-bd21-228a0facad9d,Kevin Holt,6721,373.3888888888889,18,5,2,2
1c294395-ac18-4ca0-a216-b07355b3c514,Manuel Chavez,1012,506.0,2,4,3,3
1c37ae67-dc31-48cc-aac8-3a3d85bf0468,Christopher Davenport,10462,550.6315789473684,19,4,3,2
1c3f17f6-ac30-469f-9367-c99c428bf6d7,Timothy Burton,11411,438.88461538461536,26,1,2,2
1c4eeaf9-063b-4464-8c18-122a20f62c0b,Michael Wolf,13410,496.6666666666667,27,3,1,1
1c54f805-5784-4ff7-84d8-51797d64d76a,James Cordova,9157,508.72222222222223,18,5,1,0
1c5b3091-2d0b-4727-82c4-c8020eb48431,Anthony Robertson,18380,574.375,32,4,1,1
1c815e5f-1ef9-4a96-ae87-1ddfdb57650f,Cheryl Davis,11222,448.88,25,4,3,2
1c8f62cf-f816-40ad-977e-492f64c24bfb,Kayla Robinson,9907,471.7619047619048,21,1,3,2
1ca624e5-c0fa-4e94-aedb-5c74be4f79f0,Malik Patel,19276,566.9411764705883,34,4,1,1
1ccabb0d-8398-49e3-a404-2cf0bdd071af,Maria Jackson,8840,552.5,16,3,3,2
1cefe0d9-ca0e-4a94-8a43-d6c097b1ee8b,Gordon Logan,15601,472.75757575757575,33,5,1,1
1d1dd54b-ccaf-4c97-a1ac-b8d8bdfb79ee,Michele Lee,8040,536.0,15,4,3,2
1d60474e-ea69-4f3c-8f1f-5fa7003e4d40,Michelle Dalton,10818,515.1428571428571,21,2,2,0
1d9bf402-6cff-43ad-86a5-e9df913d4f74,Kimberly Hanson,6746,449.73333333333335,15,4,2,2
1dc1ac41-96a0-4ef0-9b41-aab3ff667eba,Tony Keith,11963,520.1304347826087,23,4,1,0
1ddc147f-60e7-4c3f-a645-730b00d8a7e3,Sonya Boyd,7793,519.5333333333333,15,5,2,0
1ddf3108-4cbb-47d6-bd6c-eba7931a856d,Nicole Hall,14593,486.4333333333333,30,4,1,1
1debd7bd-d621-4005-a721-8895d7dafd87,Elizabeth Roberson,8317,462.05555555555554,18,1,3,2
1df81b8d-32ee-4c9c-9120-2c842688ff43,Tyler Clayton,14028,425.09090909090907,33,2,1,1
1e002314-9e4c-4e5b-a86f-715f66e8e62d,Brad Diaz,6688,418.0,16,2,3,2
1e0a5d81-0624-426e-b9ff-77be3edd8dbf,Kristopher Harrell,7657,450.4117647058824,17,3,3,2
1e312448-db61-4f83-8dd8-88ba89650197,Jesse Patel,11853,455.88461538461536,26,5,2,1
1e6a6ae6-b9f4-481a-b3ab-f3984984d2ae,Brenda Davis,7683,451.9411764705882,17,4,1,0
1e6b210c-03f1-4d7d-9689-4ad4ae658f41,Kelly Moore,13474,499.037037037037,27,4,3,1
1ef95bf6-1c34-47bf-847a-418ef71e9f47,David Duncan,11216,467.3333333333333,24,1,3,2
1ef97db5-3528-4164-a550-4445acf4ac65,Brenda Young,14473,499.0689655172414,29,4,3,1
1f102326-daf2-47d2-9448-0d607db6a5c4,Jason Schmidt,6652,443.4666666666666,15,2,1,0
1fb4454a-9ef5-477d-831f-9cab25e0408d,Kimberly Swanson,8893,555.8125,16,2,3,2
1ff2ad3a-34e7-4ead-a51a-8a4512ce576a,Andrew Lopez,6851,456.73333333333335,15,1,1,0
20252f79-aa6b-44b3-98c8-20cc1086b41a,Jo Ruiz,1724,574.6666666666666,3,4,2,3
20be7905-0bf3-4cfb-b08d-20f20e70d23b,Justin Jackson,6836,427.25,16,5,3,2
20c8a983-1235-453a-bc74-11871370a49f,Belinda Moore,7917,494.8125,16,3,2,0
20cca08e-6c35-4eb8-a7e5-913a7219df31,Sandra Lucero,6829,455.26666666666665,15,2,1,0
210c134c-b1d6-4987-89a1-8bc60511a383,Grant Conner,8402,466.77777777777777,18,3,3,2
211c5f89-4b95-4b07-8f1b-1abfffbe992d,Nicholas Warren,11451,424.1111111111111,27,2,3,2
211d1bb7-9ca0-4b9d-bf17-4e2223fc2cb5,Kevin Howell,16575,473.57142857142856,35,4,3,1
2121f9d1-f656-45f2-a0d3-5f674853f86f,Kenneth Mcdaniel,14046,484.3448275862069,29,3,1,1
21222686-3647-4697-89d5-4686d32c3503,Andre Hinton,9813,490.65,20,4,3,2
214b2e5b-3cbb-48ce-bcdf-cc3e556ae671,Carlos Rice,14380,435.75757575757575,33,3,2,1
219bc148-4687-4cfd-8073-93f2c450a316,Glenn Carlson,13415,496.8518518518519,27,2,2,1
2227e897-490d-4e6d-b415-0b78f3db9abc,Tim Marshall,6962,435.125,16,3,2,2
224f91b5-0f6a-49ca-b9c6-6314e96c5636,Christopher Crawford,9201,460.05,20,2,1,0
2250c4e5-bce0-49b0-b9cf-f4c86cb57e6b,Emily Scott,15099,457.54545454545456,33,5,3,1
226358e9-3b10-4161-b407-1a02964b6834,James Griffith,6228,389.25,16,2,2,2
2266a0ca-1d55-4af3-984c-297ada1ae07c,Eric Harmon,8640,508.2352941176471,17,4,1,0
2285f9a2-4005-4575-afa3-4626e87c2c6b,Adam Lopez,747,373.5,2,4,2,3
2296ed0f-15ac-4c4f-b26f-f6ebb74467a4,Brian Hernandez,7644,424.6666666666667,18,5,3,2
22a6670c-8b34-4ebb-9d08-02b2c7fc97e7,Rhonda Kerr,9578,504.10526315789474,19,1,2,0
22a95572-8268-405c-ab4b-a9019a947a66,Yvette Maldonado,8472,445.89473684210526,19,1,2,2
22aa7ff0-91cd-42aa-8a8f-66d4ed7544c6,Randall Gates,9943,432.3043478260869,23,5,1,0
22ae8943-4349-430d-9787-ca7ce2f117d5,Karen Allen,14519,468.35483870967744,31,3,2,1
22bb84e2-4c41-4d0a-8bc6-421473b2fc6e,Theresa Hernandez,12986,447.7931034482759,29,5,3,1
231b939d-8da4-4f88-931f-1414d89293ae,Elizabeth Sharp,1004,502.0,2,4,1,3
232eef46-7ac8-47bb-b24f-3e80b561c336,William Ingram,14503,467.8387096774193,31,4,2,1
2340712b-6ff2-419f-8a99-01f4057ee136,Tracy Wiggins,8259,458.8333333333333,18,5,3,2
235f04d6-95e2-4f87-b2bc-58b97a0eaab4,Adam Smith,12340,514.1666666666666,24,2,2,1
23719638-0d53-4da6-817a-cf37034d97c1,Jared Scott,9899,494.95,20,1,2,0
239fb45d-d42a-4bf3-8e86-79d3e552684f,Jessica Banks,13853,461.76666666666665,30,2,3,1
23b0d32b-f83d-474b-8315-2f9935e246df,Karen Smith,15311,463.969696969697,33,2,1,1
23c106b5-143d-4c2c-ba9c-bb4614f0e31b,George Williams,8448,496.9411764705882,17,1,1,0
23c49ed9-6c02-4526-bb5e-54d846a04d6c,Tina Campbell,14509,558.0384615384615,26,2,3,1
23eb6caa-c8cd-46f3-ae56-170ed4514a4b,Beth Washington,7705,513.6666666666666,15,4,1,0
23f1dcc0-84bc-4d72-b5aa-ae44b79ae9c8,Linda Moore,15088,457.2121212121212,33,5,1,1
24009d6b-1f2a-40f7-95ea-616fa6a70a4e,Nathan Ryan,490,245.0,2,2,2,3
2417fa65-0562-424e-b1ff-2b0590ec7c28,Julian Gardner,8895,423.57142857142856,21,2,3,2
2430d6cb-df73-4701-8b3c-9e0cd2683d80,Rebekah Morgan,7358,490.53333333333336,15,1,1,0
244b376a-ed74-4dcc-85c1-f0a1a26a19ef,Thomas Campbell,955,477.5,2,5,3,3
24897e18-6ec4-475d-8193-38d46577b2a5,Kevin Carter,9311,443.3809523809524,21,5,2,2
24f7799e-ce9d-4aab-936d-589543cdfb25,Michael Lee,9106,455.3,20,2,1,0
2538308f-40a1-4989-951b-bb72f5b24ab9,Brian Anderson,14453,466.2258064516129,31,5,3,1
255c9d24-930c-427f-acf3-9ff42dae890e,Dustin Harris,14233,459.1290322580645,31,4,1,1
25619f61-84e1-4542-a3b2-038b6431a49b,Thomas Lucas,8231,411.55,20,4,2,2
259b699d-ff6a-4158-afa7-1d9f2864af4e,Rachel Wilson,6490,405.625,16,2,3,2
25c49145-4ae8-444c-b633-220c22661f6d,Daniel Smith,18952,541.4857142857143,35,1,3,1
26105b7f-5bec-480c-b842-12253e528c3f,Craig Middleton,14958,482.5161290322581,31,1,3,1
2643dea1-ccbe-4dd7-ac97-a5a3d7a27e12,Andrew Davis,9216,418.9090909090909,22,3,1,0
265670dd-1041-4fdf-baa6-ed98ae563536,Angela Hall,16240,492.1212121212121,33,5,2,1
266216c5-3a7d-4704-ad8f-9f27bc051a59,Christine Reynolds,8353,491.3529411764706,17,2,2,0
26882ccb-bb29-4670-87f3-12afbd161d8a,Tim Watson,14905,438.38235294117646,34,3,2,1
26b9f0cd-2c2a-43c8-9a32-ef21e3bb1776,John Pollard,12090,483.6,25,2,1,0
26dbbfe8-00e7-41af-9db5-cba2a706e547,Christopher Macdonald,15286,463.2121212121212,33,5,3,1
26ddec8f-b792-4c44-b5e0-1f6b4db6a668,Jennifer Johnson,5541,369.4,15,5,2,2
26df100c-4551-4ba1-8bc3-6011a43d5880,Ebony Black,10285,514.25,20,3,1,0
2704331f-9fd8-4cff-a117-836c0d78fd3c,Samuel Weaver,740,370.0,2,2,3,3
270fc4ae-8d3e-4225-b912-4a16486a8dcc,Christopher Gonzalez,16582,473.7714285714285,35,1,3,1
2714ce02-d9ad-4c76-b327-9b86362984f1,Barbara Wright,15396,481.125,32,3,3,1
2728c27d-cbf1-44ca-bf92-b64c1d18f4fa,Misty Fletcher,16963,514.030303030303,33,3,2,1
27726b95-5ffb-4ab5-a82a-858ff1bab914,Brian Nelson,9107,455.35,20,3,3,2
278e3e26-17af-4c92-beba-d0227c43af08,Donald Jackson,11290,451.6,25,2,3,2
27ca132e-76a8-4dc5-ace2-31ed889c0dfb,Nicole Casey,14055,468.5,30,4,3,1
27ec0765-a7d0-41c9-96db-24ecd936ba1f,Jillian Montes,14476,482.53333333333336,30,1,1,1
2852573c-f4bc-4907-8202-b5be8a0ccedc,James Thompson,15481,469.1212121212121,33,3,1,1
2862a95b-ef8b-4645-b623-103fd42b7e80,Stephanie Holt,8322,438.0,19,2,1,0
28b1a9f3-fa88-4856-83e5-08e32984df79,Janet Martinez,6711,447.4,15,1,1,0
28b75718-dcc4-468d-a651-2520e2a56d65,Troy Hammond,13310,511.9230769230769,26,3,2,1
28cc7203-d6f6-4804-84c9-b1b6cc9dafc8,Kimberly Douglas,9688,509.89473684210526,19,3,1,0
2903ab25-fa9b-4ed8-890a-535849ce5cb9,Caroline Shepherd,6556,437.06666666666666,15,1,1,0
294d3756-5571-4a92-8bdf-94f3678d862c,Jacob Skinner,12402,387.5625,32,3,1,1
2979915f-f894-4008-87f6-75f3ac03106e,Derrick Lynch,13576,468.13793103448273,29,3,3,1
298b7709-cb1f-4587-bbf5-c3ff5b49d77e,Jody Waters,17920,560.0,32,2,1,1
29c2749a-66d4-4d16-9961-cdb8bb8fcb6e,Jennifer Browning,9375,520.8333333333334,18,2,2,0
29c5d0bb-ee77-45e6-9624-fdc0cb500a65,Felicia Banks,8562,428.1,20,4,1,0
29f0b517-7c10-4698-87ad-1881dc20ea1a,Travis Martinez,10887,418.7307692307692,26,1,3,2
2a17c521-0afd-48d9-9fd6-0974aa1073c8,Mike Wade,12398,476.84615384615387,26,3,3,2
2a2b1a6e-c6f0-4894-b105-25387cf2aa8e,Katelyn Parker,15816,479.27272727272725,33,1,3,1
2a3bbeb8-5396-4be5-a8f1-8c4407705460,Deanna Brown,7799,458.7647058823529,17,4,2,2
2a8194e1-b02a-4aa8-91a1-f03c2afa2341,Denise Harmon,17281,493.74285714285713,35,2,1,1
2af08dc5-2364-4459-9276-ca39118849d0,Kimberly Thomas,11352,493.5652173913044,23,3,2,0
2af29d54-cb95-484d-a9ed-328441274a6c,Mary Mathews,13541,483.6071428571428,28,2,3,1
2afcbbf2-a55b-4a53-af26-542e01175849,Michelle Escobar,7429,464.3125,16,5,1,0
2b0a442a-b66d-462a-8665-6f26d5fef0d4,Roger Santos,8578,389.9090909090909,22,3,3,2
2b177450-699d-44b1-b572-0da4331c05eb,Cindy Hill,11589,399.6206896551725,29,1,2,2
2b3b89a4-1f0d-4ffb-9728-993b36d01245,Regina Swanson,12636,468.0,27,3,1,0
2b4d1634-1bb7-4d56-981b-16b714732f0c,Kimberly Brooks,11368,516.7272727272727,22,1,2,0
2b811bef-5500-47a3-8959-7d87242bcbaf,Grant Cox,13931,497.5357142857143,28,2,3,1
2b8725b7-b7fb-4723-9966-dc6e7c233ca6,Devon Powell,8265,486.1764705882353,17,1,3,2
2b8e2232-3e0c-4a24-91e9-962fbb766f15,Kelly Cruz,13705,456.8333333333333,30,5,2,1
2b8ee594-8f21-4d3f-9de4-881662f13a31,Kevin Yoder,675,337.5,2,3,2,3
2bab1007-ad4b-4ae7-83b1-5d4cab2460d0,Thomas Martin,16088,487.5151515151515,33,2,3,1
2bb095b5-5109-4066-b608-a726e60a8c6d,Randy Lewis,13920,464.0,30,3,2,1
2bb402a8-7f9c-48d5-8f1c-1fe6e5b261cc,Amber Christian,11848,408.5517241379311,29,2,1,1
2bb53d30-e2a2-435d-863e-f58dcb8f72af,Scott Vega,10605,482.04545454545456,22,3,3,2
2bdf7d6d-dee1-4e06-b23c-e3f75fee32f5,Darlene Lee,14699,474.1612903225807,31,1,3,1
2c9141a5-059e-4c4a-9e45-16fcb8dd75f2,Amanda Cherry,15514,470.1212121212121,33,2,1,1
2c966663-2ea8-4275-b666-af7e29533f17,Jennifer Curry,11201,466.7083333333333,24,3,3,2
2cab6e9a-02ff-4c51-b54c-c8f16f6bf888,Haley Kim,8080,448.8888888888889,18,4,2,2
2cb1e42f-5ea9-4c5f-bb4d-9e3a7e95fcb7,Nathan Sanders,10299,468.1363636363636,22,1,2,2
2cbbea22-341d-4739-aad8-449aff8f7470,Courtney Mcclure,12565,418.8333333333333,30,5,1,1
2cc2b739-30f8-4956-8e77-513fb057ca11,Brittany Grimes,10256,466.1818181818182,22,5,1,0
2cdfec1d-2f33-47cf-a81f-7442578c17b8,Isaiah Reynolds,17068,487.6571428571429,35,2,1,1
2cfaa98c-7ba8-4a70-8523-a5513af1b5a3,Shannon Brown,12238,437.07142857142856,28,3,2,1
2d07d31a-e76b-40c7-8aac-69d0f66b5312,Christopher Lopez,10976,477.2173913043478,23,4,2,0
2d121bb4-7cca-456c-91fa-7b139041aef7,Lee Weeks,8599,477.72222222222223,18,1,2,2
2d46b923-8f88-4c01-97dd-334b2c7d0906,Zachary Baird,8173,480.7647058823529,17,4,2,0
2d66b2aa-f2a6-4a00-b55d-bced6e91663a,Bradley Miller,12497,480.6538461538461,26,3,2,1
2d9a78c4-6526-4d43-b065-62614cdd999f,Michael Meyers,16173,521.7096774193549,31,4,2,1
2d9b6320-d18f-40d7-b716-dafb2137cbe0,Jamie Martin,7368,387.7894736842105,19,1,3,2
2d9ccd02-9d29-4728-a3af-2bcc24ae7772,Zachary Mendoza,1413,471.0,3,4,2,3
2db0bb95-91e4-4b5e-99b7-cd1f8ab72983,Erin Lester,13312,493.037037037037,27,2,1,1
2dbdf825-9ea4-450d-957c-1d119b2e05c7,Kevin Martin,8953,447.65,20,3,2,2
2dd1b902-b67e-4c39-8890-535aa0f412d6,Patrick Munoz,10857,542.85,20,2,1,0
2dda8be8-0ac6-4ff2-ad09-fcbc3fbf92f2,Kevin Kelly,10240,512.0,20,3,2,0
2df1ebef-9b9d-4b82-bfd9-aa7ee83e84e0,Karen Davis,13048,483.2592592592592,27,1,2,1
2df1fde1-8e0b-40d7-911a-5f2703edbd07,Vickie Davila,11034,459.75,24,1,2,2
2e030788-2d79-49f3-a6bc-87b3bade8bee,Christy Nguyen,9357,467.85,20,3,2,2
2e1728e2-5932-4a10-b4b0-40f07b3192ab,Zachary Moss,14615,521.9642857142857,28,5,2,1
2e308e78-c5ac-4d79-b75b-45352da82f6a,Kelsey Wright,7431,391.10526315789474,19,2,2,2
2e3f035c-48a0-40e3-b02e-d93f1fbfd0b6,Charles Hicks,1258,419.3333333333333,3,4,3,3
2e48d2ec-3f38-4f2a-ab29-8d5860a39d4c,Melissa Wilcox,12591,434.1724137931034,29,3,1,1
2e876271-f190-466b-89a9-b0840d35949a,Matthew James,16009,457.4,35,4,1,1
2e9aba02-cb84-46f1-96fe-13d75bbc9f25,Kaitlin Smith,12937,479.14814814814815,27,2,2,1
2e9b35a5-a02d-4149-aefc-0f8341536a57,Brian Mcdonald,15503,500.0967741935484,31,1,1,1
2ed86b15-7378-465e-ba18-ed252848712c,Mary Hunter,12880,560.0,23,2,2,1
2ee1265f-5e93-4299-84c0-6ef0f173b6fb,Bradley Jensen,7609,507.26666666666665,15,1,1,0
2f5ce024-d518-466a-9b3a-f0b373c6f23c,Lindsey Smith,1230,615.0,2,4,1,3
2f682037-a568-495a-b7a1-1ea3412c62f5,Stephanie George,15245,491.7741935483871,31,4,2,1
2f9a05fd-802d-4838-be40-039bcce449d6,Tracey Sweeney,13724,457.4666666666666,30,2,1,1
2f9b8cac-07a4-418a-97be-02e2693884e3,Teresa Kelly,12357,494.28,25,3,2,1
2fa75d45-d967-443b-8671-15d8d6d1b658,Robert Lopez,11329,472.0416666666667,24,2,3,2
2fe36831-ee59-43c7-a4ff-b947a9131830,Tiffany Yang,15768,508.64516129032256,31,4,2,1
2fe5c101-7d45-4d43-9760-33b83dbcd20a,Joyce Beck,9577,478.85,20,4,1,0
2ff8b186-5786-44dc-8d19-b5141b186af9,Gary Walker,10085,403.4,25,2,1,0
30496670-dc28-45b4-bf30-6d17450a9f45,Kevin Marshall,14358,478.6,30,3,2,1
304ea99a-2c46-4be8-a510-5f8138f65faf,Renee Perez,9233,485.9473684210527,19,2,2,0
304ef720-bd8d-4b8a-885d-a2b4fe8b1fed,Eric Johnson,6909,431.8125,16,2,1,0
30627a78-b7a4-47e9-8a37-c9540bcdb94d,John Griffin,8682,482.3333333333333,18,4,1,0
30752260-9f6e-49f0-b88d-370c41b4e197,Karen Byrd,13294,458.41379310344826,29,4,3,1
3081ad3e-b963-4253-ac1f-42a0822036cf,Todd Sanders,7482,393.7894736842105,19,5,1,0
308b4326-3f39-4acd-9ab7-9ec06ee2906f,Tiffany Mccall,11057,502.59090909090907,22,2,2,0
309eca59-e538-4576-8b88-90a8de6b20b2,Ann Ware,15056,470.5,32,5,1,1
30a57139-8c8a-4cb7-b9da-26a48fbc8ab1,Jay Gilbert,7657,425.3888888888889,18,1,3,2
30aefd35-cd61-4e9b-80dd-1b6194c6e336,Samantha Gonzalez,1306,435.3333333333333,3,5,3,3
30b4d3c8-d001-4018-8cd2-4ecf672d5ee0,Greg Hines,7169,421.7058823529412,17,2,2,2
30e1ca0b-5f92-4c48-9b6f-9e50a8347461,Brittney Wagner,2020,673.3333333333334,3,3,1,0
30f6c0e7-913b-4e0f-9330-408e30e46a0f,Jennifer Hudson,10560,502.8571428571428,21,3,3,2
3109d7ee-9545-4dec-aeb3-c80296c275f1,Robert Steele,9649,402.0416666666667,24,4,2,2
310bc8a7-787a-4928-8d16-6a484d43e553,Hayley Massey,16760,478.8571428571428,35,1,2,1
31178197-d467-41a4-a2ad-ff55c0eb362a,Andrew Reyes,9937,414.0416666666667,24,2,1,0
31844c38-8b77-4e36-879b-e157056d7141,Elizabeth Weber,8868,466.7368421052632,19,5,2,0
31888ce7-dde8-42e4-8b93-687a749b5efe,John Rosales,14141,487.6206896551725,29,3,3,1
31bc4e35-ac69-4186-a76f-3bf9795ba28c,Brianna West,12494,430.82758620689657,29,1,3,2
31e370c8-575a-4472-8ae9-acdd5448da16,Anna Martin,9315,490.2631578947368,19,1,1,0
31ef152b-e2b7-4c0d-b244-34f0d2ab2c7c,Joel Cox,14138,415.8235294117647,34,3,3,1
31f96637-9136-4932-ab57-8bc686e7b327,Lisa Case,9090,478.42105263157896,19,1,1,0
320c1e42-4019-4c19-ae12-fc8ddfa6d990,Sheena Hill,8724,459.1578947368421,19,2,3,2
3292cb01-0f37-45fa-87c5-c4077a323754,Danny Deleon,16096,519.2258064516129,31,3,1,1
32aaa29b-5a3f-4a84-89af-566a59aa3956,Linda Barker,13417,479.1785714285714,28,1,2,1
32de2a7c-66c9-499b-a9ff-67f6b22fde69,Bianca King,11266,489.82608695652175,23,2,1,0
33315ee4-6589-42f7-a230-2867b7ca80d9,Madison Diaz,12734,424.4666666666666,30,2,2,1
337f8e89-9e2f-4e33-913e-c7dfd29a83af,Raymond Austin,17728,506.5142857142857,35,1,2,1
33e3f4ab-0c63-403a-baaf-0c8560e7ce11,Jason Serrano,8709,483.8333333333333,18,5,1,0
3404f2db-9f6c-4919-b75a-2e033364000f,Chris Williams,9448,472.4,20,4,1,0
34220f8f-3c17-45d1-8c72-88ae381a6de8,Melissa Roberts,9193,483.8421052631579,19,5,3,2
34301b6e-a517-4484-9730-0a61551f4f4c,Steven Tran,10611,530.55,20,3,2,0
345a89ca-23f3-45f4-9237-4d435135c6e2,Bryan May,7315,457.1875,16,3,1,0
346f3c8d-4239-412f-9af9-841e0e8d0163,Tammy Smith,14283,492.5172413793104,29,5,3,1
349a2673-773e-4f72-9bf0-5d12812b83c3,Eric Stevens,15344,438.4,35,3,1,1
34af2720-4ea2-431a-8da9-d7bed0726624,Andrew Collins,9141,481.10526315789474,19,4,3,2
34c3c4fd-a4d1-4f06-b4e7-47efda2402c6,Brenda Macdonald,7897,493.5625,16,3,1,0
34f80897-2080-46d9-a7a3-2bcdcaa37d89,Andrew Parker,12852,535.5,24,2,2,1
350aedcb-4317-48aa-a9bd-8bb3a7fe3cb7,Tina Bailey,7637,509.1333333333333,15,1,1,0
353e5824-7e1f-42b2-adb8-538d4009e662,Melissa Krause,8172,408.6,20,4,3,2
3561aa9d-9ade-4191-a00e-bebed2de42c2,Katie Zimmerman,9040,475.7894736842105,19,5,2,0
35ab35ad-5ed2-4e26-bc9a-c49123bb28a6,Megan Martin,9792,445.09090909090907,22,4,3,2
35e97df2-344e-45da-b822-5b2b728979cc,Heather Johnson,9108,506.0,18,3,3,2
35f8c79b-e9df-4a23-86f3-61419dddbdda,David Lynn,8694,457.578947368421,19,3,2,2
36255b3c-eb24-4b63-94d4-aae23cc85c18,Dawn Sanders,8209,410.45,20,3,1,0
36275826-41cf-44cb-a0a5-ad501e31e781,James Rivera,18412,526.0571428571428,35,3,1,1
362c8150-992f-4e78-a826-c34be0b245a0,Aimee Mills,9500,558.8235294117648,17,3,2,0
362d0326-587a-44af-9d55-d4790090bdea,Patricia Thornton,11848,438.8148148148149,27,2,3,2
3698b8c9-78f7-43b1-b807-6df2b63c3802,Christopher Taylor,7436,464.75,16,3,2,2
36a86dfc-a4b1-4203-a96d-f2e6ba9db90a,Shane Jimenez,13577,484.8928571428572,28,2,1,1
36c66176-2913-4faf-80df-7e4ca59c7ec5,Jason Clark,11272,402.57142857142856,28,3,2,2
36d04ab3-8dc9-4d20-ae6a-52e060614395,Steven Esparza,10509,456.9130434782609,23,1,2,2
36d51d5f-60c7-42ff-96ba-c9edf71147fd,Alicia Frye,13686,488.7857142857143,28,4,2,1
36d78e8a-1f35-4b90-8d88-36086c1d12f6,Thomas Lewis,10759,512.3333333333334,21,3,2,0
3708ef1e-550c-4180-bd11-4258496e0dc3,Amanda George,10055,457.04545454545456,22,3,3,2
376052f6-ff79-4123-b74e-209234a0b213,Rebecca Williamson,5982,351.88235294117646,17,2,1,2
3772c865-81fb-4f38-a57e-c8c001cb7303,Erik Jenkins,8830,551.875,16,1,2,0
3777d4dc-fb4d-40be-9ba0-6ee697af2441,Victoria Hawkins,14319,493.7586206896552,29,3,2,1
37ada321-4743-473d-9885-ea8ee205fa0d,Amber Bautista,14220,418.2352941176471,34,3,3,1
37f5df2c-d9d7-45e5-9161-baa79b30784f,Anthony Nunez,9369,551.1176470588235,17,2,1,0
37f9561f-f66f-441e-9db4-8ea086e68fc7,Carol Wells,6215,414.3333333333333,15,4,2,2
380243e2-55c0-4d07-aead-10e610f710f8,Joshua Cook,7641,449.4705882352941,17,2,3,2
38084d37-2d0d-4acd-9da9-d371f32c6b1b,Tracy Hines,8417,467.6111111111111,18,1,2,2
381ca84e-5029-49fb-b200-a7ce5cd3be94,Robert Chen,1208,402.6666666666667,3,1,3,3
3827c716-0b88-45eb-aac4-723b83cdc474,Travis Tate,9400,470.0,20,5,1,0
384274db-ed75-4339-9683-af80fe1e7bba,Teresa Austin,12490,462.5925925925926,27,2,3,2
384bd388-fae4-4a4e-9081-6e97165d7390,Matthew Flores,11248,511.27272727272725,22,1,1,0
388b3e25-9421-4fe7-8eb2-8b2025274a39,Kevin Jenkins,14619,471.5806451612903,31,5,1,1
38c71011-204f-4da3-999e-956ea8791977,Charles Kemp,13194,471.2142857142857,28,4,2,1
38e7717f-b462-4b58-992c-79b4f8e78b1b,Kimberly Rodriguez,8191,546.0666666666667,15,1,3,2
38e8e9c5-9578-40b5-8f4f-74a01ffb850f,Patricia Harris,11618,484.0833333333333,24,1,1,0
38fe4ce3-ed76-4a64-9653-af4c4923316f,Shane Daniels,13532,501.1851851851852,27,4,3,1
39586b4a-2423-411b-baf6-d5b2bd200926,Andrew Williams,1496,498.6666666666667,3,4,2,3
3959f28a-dfbc-4c20-b8c2-c7cc1cda837d,Paul Smith,11658,529.9090909090909,22,5,1,0
3988e327-1472-419a-b79a-2a712e2bbc66,Rachel Sanchez,15344,494.96774193548384,31,1,2,1
398bab70-e0d6-49e7-b51a-37d23bd9f198,Michael Rivera,9590,479.5,20,3,2,0
39b0bd3f-0ab4-4969-b70f-77bd594879a4,David King,14717,566.0384615384615,26,3,1,1
39c0f010-b8fb-491a-85db-78182780d6dc,Shannon Lane,9084,478.10526315789474,19,5,2,0
39e1adbe-bef1-4c41-a631-272bf8219cc5,Misty Black,7108,444.25,16,3,1,0
3a2b561d-c08c-4d43-b0d9-3f7b9b2512a8,Lisa Perez,8983,472.7894736842105,19,2,2,2
3a3161bc-78a1-4bfa-82ed-34c800775282,Nicholas Jackson,13677,488.4642857142857,28,4,1,1
3a51421f-fdde-4b52-aa20-67301b3b1f9c,Theodore Smith,11642,554.3809523809524,21,1,1,0
3a5943b0-df83-430f-a8eb-0bf14a45091d,Matthew Gonzalez,8291,460.6111111111111,18,4,3,2
3a7bea4b-7c3e-4439-904f-0aaf4ed1162f,Raymond Webb,9946,452.09090909090907,22,3,2,2
3a91dc36-f9e0-47a4-b452-26b83dae2ce0,Lynn Salinas,9477,451.2857142857143,21,5,1,0
3a95af1d-850b-4818-a379-f5d12f7a9181,Debra Rodriguez,14842,549.7037037037037,27,1,1,1
3a9e2de6-fde8-4940-8ea5-adfe7377ac87,Linda Martinez,7266,454.125,16,3,2,2
3a9f0539-da30-4630-8247-b158b442c57f,Deanna Jackson,15018,484.4516129032258,31,1,3,1
3ab76751-a1a3-434d-913e-e6131ae16132,Angela Bates,8785,439.25,20,1,1,0
3adf7f85-695e-4ad1-ad9f-d4189829e16f,Tabitha Barr,13686,414.7272727272728,33,2,1,1
3af8f95e-ad1c-48a3-ae06-29c7e56ed572,Jackson Rodriguez,18120,532.9411764705883,34,2,3,1
3b024fb9-9c8b-47fb-b2bf-b0b21071c8b2,Melissa Carter,13590,503.3333333333333,27,5,2,1
3b158c6d-820d-4545-9f8a-360bea3a2804,Shari Griffin,8045,423.42105263157896,19,5,2,2
3b230561-2113-4fc1-8a6c-924399b81ed9,Darren Moss,11129,505.8636363636364,22,3,2,0
3b421b6d-a37a-4340-b27d-1d89dfa370f9,Megan Rogers,12730,424.3333333333333,30,1,1,1
3b4b90a9-6c32-4336-a943-131527569ef5,Carl Love,12614,504.56,25,5,2,1
3b5b26a3-da2f-4d97-8d86-0a05da881084,Jasmin Kelly,14662,472.96774193548384,31,3,1,1
3b6fed1d-d565-4ac0-9e7e-aef281446bef,Jessica David,9475,451.1904761904762,21,3,2,2
3b7b9138-780e-41c6-8cba-32b3b95c5136,Mario Simon,13199,488.8518518518519,27,5,1,0
3b7e1004-06b8-4423-88ba-a8c4341f5524,David Sherman,15151,488.741935483871,31,2,1,1
3b92171d-dae9-4b13-8567-c8439b929e43,Kevin Thompson,8095,404.75,20,3,2,2
3b9b6e7e-a8ef-442f-8227-01a97533d69e,Brianna Newton,14764,434.2352941176471,34,5,2,1
3bc42d1e-d7a7-467b-9657-4ba80a9435c8,Kelly Copeland,8442,496.5882352941176,17,1,2,0
3bdb787b-d329-4051-a192-7c90efc4c677,George Miller,988,494.0,2,4,1,3
3be3383b-990e-4677-bfa5-dab91f017c7a,William Vasquez,15706,475.93939393939394,33,1,1,1
3bf4f128-796c-4fd0-a2e7-42d0dbbef475,Jay Willis,15516,456.3529411764706,34,2,2,1
3c1107e2-8968-4862-a6c5-1426fb0691f7,Julia Jackson,12657,468.77777777777777,27,1,2,1
3c1bae20-c604-4fb5-a2a6-61dc48493676,Andrew Cruz,8511,500.6470588235294,17,3,3,2
3c33050f-52b8-4d9c-95b7-e3b8f630dbba,Drew Sims,9667,508.7894736842105,19,1,2,0
3c47cd25-a8a7-44c5-8b4f-c2aa694f224c,Lisa West,10945,456.0416666666667,24,5,2,2
3c6d6df4-fd43-41f7-a2c1-ce517a65cb3b,Ruth Mckinney,11517,479.875,24,2,2,2
3ca4d255-f562-48fc-8829-62ea867c07d1,Sara Munoz,1459,486.3333333333333,3,4,2,3
3ce5f49a-1a6e-4439-a0b8-badf2c3d3524,Jesus Walsh,15036,501.2,30,5,2,1
3d2c44fe-4d3c-49ce-8474-b55b87d31a55,Megan Gonzalez,12182,380.6875,32,4,2,2
3d3e3a5c-ef36-476c-b31f-2c0a899f79e5,Kenneth Tucker,1227,613.5,2,4,3,3
3d499e2f-dbdb-4a38-baf2-5d911d0adb2a,Christine Mason,8243,412.15,20,2,3,2
3da61d27-cea9-4a4c-9c46-ba96abaa926e,James Silva,9472,526.2222222222222,18,2,1,0
3de548e3-801c-41d6-b0b8-28e8389795f1,Kristina Smith,9022,451.1,20,4,1,0
3e876e2b-9513-4b74-8615-66ea985d7cf2,Kim Patel,8555,450.2631578947368,19,3,3,2
3e9abcf9-9065-447f-b151-415b34599e5d,Darlene Rivas,9275,463.75,20,1,1,0
3e9c455c-f1f9-4bbe-81f9-52e9d0b5112b,Christopher Smith,14003,500.1071428571428,28,2,1,1
3ee57d67-7a56-4b53-86d1-9b8d346f25cf,Megan Jones,15068,502.26666666666665,30,2,2,1
3ee8e075-960b-4bad-9285-a0b87422554b,Brianna Barnes,8458,563.8666666666667,15,4,1,0
3f5892cd-4111-48f4-a8e3-fe4439168819,Alisha Huang,10019,500.95,20,2,1,0
3fa705aa-f883-4f7d-9e6b-9076be84ce43,Sean Mccoy,12846,475.77777777777777,27,1,3,1
3fafb65b-27ce-4d14-b3fb-09ef4a60362d,Amanda Smith,8285,414.25,20,1,1,0
3fd5da33-92af-46c6-a4e8-4d9b76079863,William Parsons,8148,428.8421052631579,19,5,1,0
3fef7542-24d6-4800-bbf0-653fbe0ea5e2,Dominique Lopez,6858,457.2,15,2,3,2
4007f3cc-335d-4d11-9168-59327830dc72,William Reed,12478,430.2758620689655,29,3,3,2
4037c715-6506-4bde-91c8-d85fd5dd6093,Luis Murphy,10444,474.7272727272728,22,4,2,0
403bef93-c3fc-4e95-b39e-96bac13fb948,Hannah Curry,16085,518.8709677419355,31,1,3,1
404a7dd6-ab7e-413e-8828-be5956935ea0,Jennifer Atkinson,10561,440.0416666666667,24,2,3,2
404bdacc-8b1c-4062-a8ba-4560deed497b,Rachel Wade,9012,409.6363636363636,22,3,3,2
404da108-b23e-49d4-b688-ef6cd27efdb1,Denise Watson,8504,447.578947368421,19,2,2,2
405975b3-353c-48f0-aa5e-78c05664b514,Steven Rodriguez,12445,377.1212121212121,33,5,1,1
405ed805-b182-4e59-9bf1-de2aa24305e0,Mary Richardson,8110,477.05882352941177,17,4,3,2
406e2628-55da-41c9-bdd8-e64c31ff7614,Sara Rodriguez,7475,467.1875,16,3,3,2
407a033d-f54e-4319-acc7-03055947d012,Jillian Fuentes,1495,498.3333333333333,3,1,2,3
4082bb0d-deab-460c-aa28-325641cb2156,Courtney Mccoy,9884,520.2105263157895,19,2,1,0
40a91195-6bd4-4ae7-a001-9ef2c3fffcc1,Christopher Terrell,9013,450.65,20,2,3,2
40be0fdb-1a81-4f84-bde9-532961e3f995,Melissa Jimenez,8234,457.44444444444446,18,2,3,2
40c38096-68d3-4360-bb66-9658179bc97a,Kimberly Hensley,18267,537.2647058823529,34,4,3,1
40d549ce-c65a-45e1-8681-c80cae22d689,Kylie Perry,8156,479.7647058823529,17,4,1,0
40ddbe03-82a7-449d-a864-ff61d4d889a7,David Cook,10008,500.4,20,5,1,0
40f3d0c3-5b73-4bcd-b970-51ce1faf3ce6,Michael Flores,16851,481.45714285714286,35,4,3,1
410fa169-fc21-4c6a-b56a-29c5d579e97d,Diana Hall,12874,459.7857142857143,28,1,3,1
411c289f-c60e-4079-8fa3-d240c0ba6bdc,Donald Fowler,11030,479.5652173913044,23,2,1,0
415ba58a-91f8-476d-9d23-e53c300920bc,Stephanie Perry,13691,472.1034482758621,29,5,2,1
415cae62-984a-4225-ac45-842a3182ecb2,Pamela Jones,10610,424.4,25,5,3,2
416fb38f-a344-4b39-ab96-261f5d126fc9,Jessica Johnson,11433,519.6818181818181,22,5,1,0
41830018-d25d-4ce6-ad73-778e0f7ff546,Alexander Ballard,7798,458.7058823529412,17,4,1,0
419b52e9-86e1-46f1-8b10-de4127699b00,Alexis Meyers,8382,493.05882352941177,17,3,3,2
41e15505-f574-4a2a-8dd2-eb3a06b0d799,Shawna Miller,17768,507.6571428571429,35,4,1,1
42078308-3e2e-4291-8f20-f8816b41fbdb,Henry Nichols,8449,469.3888888888889,18,3,3,2
420ad0de-9c2c-4697-b698-c5d3399eb306,Makayla Soto,13358,494.7407407407408,27,4,2,1
424dc1e0-1974-4a40-a055-6b375ee686bb,Sean Williams,16926,512.9090909090909,33,4,1,1
42695f54-7e3f-4b93-955a-e3a43ebf9573,Amber Kelly,11354,540.6666666666666,21,4,2,0
426a591d-5875-4753-b0fe-1dc8ba65eeb3,Vanessa Lee,14211,473.7,30,1,1,1
4277970e-6be9-4631-89be-c9b286d20d1d,Jennifer Davis,10061,503.05,20,3,3,2
42814efe-597b-43e8-972b-00c16a51fa9b,Andrew Cummings,8766,515.6470588235294,17,4,1,0
42b9a85e-17a1-480a-9821-6ab8f0d9ee99,Jeffrey Edwards,10313,491.0952380952381,21,3,1,0
42e2ee2b-9c1f-49d5-9b02-ea4b9d4c37d4,Peter Gonzalez,9044,476.0,19,3,3,2
42ea2264-d459-4d8c-9633-e409e1962756,Christopher Mills,10068,503.4,20,4,2,0
43197b74-baa5-473d-ae37-1b3c64e566c0,Billy Reed,9087,478.2631578947368,19,5,2,0
431c5776-506e-41cd-b6e9-fe6d6ea0796c,Victoria Evans,7254,483.6,15,3,1,0
435885f2-7f9f-4fbf-9f26-ab445c0f9147,Samantha Krueger,10930,496.8181818181818,22,5,1,0
437e3d35-699c-42a4-a087-8b5c327ff197,Mary Anthony,9468,498.3157894736842,19,2,1,0
438e4c86-dd44-4456-a7c7-11dabc0fdbc3,Jennifer Kramer,8077,448.72222222222223,18,1,1,0
439f2d87-91b3-413e-95b3-98e1738235d6,Andrew Singh,6490,432.6666666666667,15,5,2,2
43b5435c-1302-42ea-bc27-5a10df2c1420,Angela Miller,7882,525.4666666666667,15,5,1,0
4406f8c8-b5a1-475d-a01d-eff07eefcede,Mary Miller,9504,528.0,18,4,2,0
4445dd3e-ced6-4cd1-847c-0e0e75ac3258,Anthony Beasley,6895,459.6666666666667,15,4,1,0
44495928-0d83-48e2-813b-4e2fa675e710,Julie Thomas,10627,442.7916666666667,24,1,3,2
445f3020-c8b4-4401-835f-d2b9438d8716,Ryan Larsen,7937,440.94444444444446,18,5,3,2
446a6736-d918-46fd-adbb-fedfa481339d,Justin Potter,17652,504.3428571428572,35,5,2,1
44a4bb18-87cb-404b-8bf7-0838bd52d1a8,Erika Henderson,1144,572.0,2,2,3,3
44cb141f-df48-408e-ac9a-c5fdb66eb199,Diana Johnson,15440,454.11764705882354,34,3,1,1
450d44bc-f85c-49e9-8dbe-b45cc228af5e,Wendy Martin,15334,494.64516129032256,31,1,1,1
450e5816-4a0c-49b2-a8d5-ffeabe1ac073,Chris Stone,14422,437.030303030303,33,3,2,1
453f42c0-c359-449d-bd34-f7b704f775f2,Laurie Woodard,15220,475.625,32,3,3,1
4545aad3-9588-49cc-8234-72d0b029af55,Natasha Hansen,11478,478.25,24,5,3,2
455148b5-f388-484c-9b96-4319bd188557,Brent Calhoun,6965,386.94444444444446,18,2,3,2
45765bdc-d12d-4a45-a2aa-f58644fd215e,Keith Campbell,15350,465.1515151515151,33,4,2,1
459b9fd1-dcf6-4b2b-a342-f1da407eaf7a,James Russell,13627,454.23333333333335,30,4,3,1
45b9d21a-2d20-4201-a60c-35a3f671b90a,Anne Torres,7432,437.1764705882353,17,2,1,0
45c6ad68-09df-4eef-b15b-7ae80bfe427d,Jerry Martinez,9098,535.1764705882352,17,3,1,0
45fca87a-fc6a-4dc7-bc8c-3a24cfc9df1b,Ashley Anderson,9188,459.4,20,5,1,0
45fd584e-e2c8-4652-84ab-151e4474c652,Antonio Phillips,10567,480.3181818181818,22,5,1,0
461b829a-5f6d-4b51-bbd4-2f2cd68ff9a7,Amber Jones,13558,521.4615384615385,26,3,1,1
4666405a-fe75-4c62-9a20-b17f3718b7a5,Edward Long,14002,437.5625,32,5,1,1
4685f91f-2cf3-4204-aa37-53b49d682248,Cristian Andrews,7200,480.0,15,3,2,0
46a36e9c-4f76-4c52-85a9-b78e1704eeee,Jessica Phillips,9918,522.0,19,2,1,0
46b19fb0-ddf9-490c-8b9a-6d5ba676fdfe,Eric Jackson,13117,468.4642857142857,28,5,2,1
46c39309-6492-4202-b934-a866f492cd73,Brent Roberts,13415,447.1666666666667,30,1,2,1
47820821-606c-46eb-8ab1-43ea1ce9a19b,Nicholas Meyer,8529,406.1428571428572,21,5,1,0
478b87ed-bc00-4481-8e46-496740317174,Clinton Riddle,10406,520.3,20,5,2,0
479c6b6f-0d0d-46c7-9622-128775c0791a,Jacob Adams,11424,476.0,24,4,3,2
47a7e962-13a2-4bdc-b635-9248039535ee,Traci Valentine,10261,570.0555555555555,18,2,2,0
4801821c-e130-4bc3-849a-03fd628726c7,Alicia Torres,5970,351.1764705882353,17,1,2,2
4830e868-14d4-4aa2-a616-56a4b90c6e66,William Liu,15458,515.2666666666667,30,3,3,1
483a6387-82b4-4b77-aa75-752c4c61aea0,William Howard,7938,496.125,16,3,1,0
4886b6fb-1896-4d35-8ab7-9ec8c8020433,Zachary Dickson,6591,439.4,15,5,1,0
48879151-aaa7-4735-b854-a598a0e62f60,Morgan Krueger,9815,490.75,20,4,2,0
48a211bd-0cad-48b3-9571-d400234457cf,George Wolf,14860,464.375,32,1,3,1
48b937a2-34e0-440f-8f38-b0a9952bf3ae,Laura Owens,9300,465.0,20,5,1,0
48cabd7f-0340-4676-a9f2-2a096a9cdf9a,Lisa Hunt,12856,476.14814814814815,27,4,1,0
49032342-3eaf-4285-bf1e-69a4aeb4322a,Mary Morris,11239,432.2692307692308,26,5,1,0
4925adfe-cb8c-402c-a7c6-f57bea9ef339,Tracey Hernandez,8092,505.75,16,2,2,0
4947996d-5b95-47a2-93ae-943c5d8be880,Traci Nguyen,7194,423.1764705882353,17,1,3,2
49805db7-1eb3-428c-8892-a7e70d6bc9c4,Jordan Murphy,11366,494.1739130434783,23,4,2,0
498e29e4-8ff9-455e-9d07-cafab0c11403,Tyler Porter,7269,454.3125,16,3,3,2
49ba0156-8919-4ca2-a6c5-5e5b96f32170,Jamie Robinson,8776,438.8,20,4,3,2
49c7bd36-dea6-49ce-a1d4-97c7370de174,Lori Davis,14490,517.5,28,3,2,1
49ea7e79-f1e1-42dc-a8de-75ac8fe5528c,Tracy Barnes,7891,394.55,20,2,3,2
49ffc478-78ae-4ba1-a2c5-b77a3f7de45b,James Lopez,10639,531.95,20,5,3,2
4a062f89-386c-4e4a-ae63-c3b47c060db5,Thomas Collins,12323,473.96153846153845,26,3,1,0
4a497085-26d0-47e8-bd9e-2d6032b76f62,Wesley Mosley,11645,529.3181818181819,22,2,3,2
4a6ae36d-0c36-444c-b505-154e23b2a1da,Benjamin Ritter,7921,495.0625,16,4,3,2
4a6f5289-8477-491c-beec-92c5c1b5c79d,Andrea Hart,9200,511.1111111111111,18,2,3,2
4a881899-37f1-430c-93fb-b40ad86c5965,Adam Hernandez,13545,467.0689655172414,29,2,3,1
4a973682-6e26-4072-b73d-68ea551d2080,Robert Fisher,9194,459.7,20,2,1,0
4aaf9aec-b960-468e-b9cd-a94a2eaf6586,Benjamin Leonard,7898,415.6842105263158,19,4,2,2
4ac05beb-094a-4bce-b53a-9fee9d87022e,Mary Powell,14322,493.86206896551727,29,1,1,1
4ae0b32a-ee33-4e37-af5a-01f82dae9907,Sean Trujillo,14918,452.06060606060606,33,1,1,1
4b0be842-63b2-415b-8762-9407c5bc44ce,Jeffrey Salazar,13430,479.6428571428572,28,5,2,1
4b1ece72-bae2-4eb6-bf97-44a82181ea1b,Theresa Payne,7002,466.8,15,1,3,2
4b4f894c-905d-41e7-878b-1a9e84237dc9,Becky Terry,15856,480.4848484848485,33,3,2,1
4b5f52f1-9647-4b96-89ac-08676aab1999,Richard Kent,10536,501.7142857142857,21,1,2,0
4b62745f-79af-4d98-95c4-4ffb0e5d6766,Todd Phillips,16607,488.4411764705882,34,5,1,1
4b63601d-2cb9-4b14-88c8-06c714e879c1,Heidi Fuller,11937,426.32142857142856,28,5,1,0
4b7e87ed-994e-419b-b36b-6ee3045ecef0,Christina Norris,11330,453.2,25,2,3,2
4b875652-f918-4bbd-bec4-ffe31a64c5f5,Gregory Boyd,9676,537.5555555555555,18,1,3,2
4bede622-30f7-4617-87e9-7aba51a7748d,Joseph Stewart,11613,553.0,21,1,3,2
4bfe2974-69e8-4c1a-a4f4-6c66839a1428,Timothy Davis,10488,437.0,24,1,1,0
4c0852ff-09bd-40c8-b203-07975b1dc48c,William Wood,8822,464.3157894736842,19,5,2,0
4c17b6f5-d033-4b76-9cc2-77ac4c0f7b3c,Justin Evans,12184,468.61538461538464,26,1,1,0
4c6fe2ef-1713-433e-adfd-82cb5d6e5db3,Linda Schneider,10528,501.3333333333333,21,2,3,2
4c799dee-08d3-4761-ae9b-847aa7b643aa,Nathan Pitts,13554,467.3793103448276,29,1,1,1
4c845e6a-24ce-42f5-9575-d42416dc51dd,Mark Harrison,13145,469.4642857142857,28,4,3,1
4cc3bbbd-d1b7-4fe2-9271-e5e4aaa76f55,Kimberly Everett,14781,476.8064516129032,31,1,2,1
4ce63fb4-0066-4789-882c-cca3a4c6cfbc,Jessica Sexton,7874,492.125,16,3,1,0
4cfd4f4b-0fbf-43c2-bd1e-3954ec4d1cdf,Amanda Olson,888,296.0,3,1,1,3
4d095139-c79e-446f-a51a-fb527b8e57da,Angela Hodges,11183,430.11538461538464,26,5,3,2
4d21c025-7c10-489c-b83e-85d1c3bb8c66,Yolanda Joyce,9984,453.8181818181818,22,2,3,2
4d21ec4b-0bb8-44be-a19c-d34a81be0652,Christopher Anderson,11391,517.7727272727273,22,1,3,2
4d25ae34-3926-4ef4-92ea-ff3ff06b26f5,Brianna Curtis,13116,504.46153846153845,26,1,2,1
4d748b14-f240-48ca-a05a-50c9e4ff0d62,Angela Roberts,1284,428.0,3,5,1,3
4d887c2a-ad0c-4840-8cb4-51e7fb1c0dbc,Paul Mays,7446,438.0,17,3,1,0
4d919c3a-23e6-45f6-815d-d26df885ccba,Travis Morris,13283,491.962962962963,27,3,3,1
4dcb45f5-74e1-4500-8278-c24eabb9bffe,Kent Garner,16939,513.3030303030303,33,3,3,1
4dd1701c-060e-446c-815d-bb496dbac2cf,Elizabeth Allen,8011,500.6875,16,2,1,0
4e177674-a34b-4d6a-b2d9-19c12c2dfc8f,Joshua Hodge,12114,504.75,24,2,1,0
4e1d9c44-53d8-4f66-8231-f4d483beb40b,Scott Davis,15976,484.1212121212121,33,3,3,1
4e2a50dd-c749-43be-b1a4-975c0338074d,Jeffrey Wilson,15359,465.4242424242424,33,5,2,1
4e38e20a-7e84-41b3-b0f3-aefff477f3d6,Paula Young,9306,443.1428571428572,21,4,3,2
4e6581cc-8718-45bc-b501-c59fe8300945,James Garcia,9480,451.4285714285714,21,2,1,0
4e6acaba-d49f-4d5a-b6a3-830796cb1fb2,Luis Hensley,8771,548.1875,16,4,3,2
4ea89c44-3c13-45a4-8c11-ef8c93e050e8,Lauren Keller,8683,482.3888888888889,18,2,3,2
4eaf318a-2cc3-4035-97ef-5fc2dd10d5d3,Ian Thompson,11064,502.9090909090909,22,2,2,0
4ebb4c23-dbd5-4257-8b30-dac260df4174,Larry Davidson,8507,447.7368421052632,19,5,3,2
4ef45869-4153-4e60-85d9-f53563b14c2d,Lindsey Lewis,15764,492.625,32,2,1,1
4f3bfcce-c376-4bcb-a8d2-be5c1f7742d7,Benjamin Curtis,15466,498.9032258064516,31,2,1,1
4f438c77-8520-494f-92e1-e425e68a534f,Emily Miller,7898,438.77777777777777,18,2,2,2
4f8a300b-b2f2-4c1a-a122-11210c3b97f4,Christopher Parrish,1824,608.0,3,3,3,3
4feb4ba5-a1ab-44fa-ac85-c034e091192a,Francis Bowman,7909,527.2666666666667,15,2,2,0
50003772-4cf8-4853-b962-518ac259506f,Mary Valentine,10199,443.4347826086956,23,5,3,2
504d7481-bcf4-4fc8-a597-e8277f2c2e1c,Jenny Cervantes,9272,488.0,19,3,2,0
5087d838-7069-4676-80de-9914fee3eb7f,Sherry Kramer,13577,468.1724137931034,29,3,3,1
50c99fc5-89e6-40af-af3b-9696ea164ec2,Tommy Miller,8799,517.5882352941177,17,1,2,0
50d1b918-9726-4a31-ab09-5fb1ae33be84,Haley Garcia,11134,445.36,25,1,2,2
510a83d0-c7ae-437f-a9bb-4f4ced75ab2b,Matthew Hill,12255,471.34615384615387,26,5,2,1
5151e715-226a-45f6-99cf-6ef6fe3b2dbc,Daisy Gonzalez,16763,523.84375,32,4,2,1
51536b25-5a6d-4c09-8cba-3f6b43c4c9aa,John Gonzales,14162,505.7857142857143,28,5,1,1
515ce4d0-8f31-4c60-91e5-760bfd9a18cd,Joe Davis,11873,494.7083333333333,24,4,3,2
516a1e30-15c6-4696-b8a9-aa09ac841f68,Anthony George,9485,474.25,20,3,1,0
5172eaad-3021-47a7-ada5-7c33193c2d83,Pamela Kemp,12010,444.8148148148149,27,3,3,2
518a0c42-1771-42d5-81a2-df1c8691bd6b,Michelle Dennis,11798,491.5833333333333,24,3,1,0
518e74af-07c7-43f7-9a4c-35fe6d2a98b8,Scott Taylor,11415,439.0384615384616,26,3,2,2
519e1b05-166c-488f-a7e7-577222cce099,Breanna Curry,12391,495.64,25,4,1,0
51badf6d-e3f4-4516-b1e1-650c1487e93a,Richard Bryant,7699,481.1875,16,1,1,0
51bc23c5-e2f2-45ee-8541-33023c9c6b93,Annette Smith,15161,489.06451612903226,31,1,1,1
524f2e0b-2bf3-4f93-9d7b-c8084b317610,Jon Thompson,13771,550.84,25,1,2,1
5255f399-e4a4-4b74-bfc0-e11a84f91f66,Monica Williams,11330,515.0,22,3,2,0
5267a01b-6aba-4397-8563-240b76eea5ff,Ronald Johnson,9294,464.7,20,2,3,2
528f83b2-0449-4474-bfb9-8e193c4383f0,Kendra Williams,8010,445.0,18,1,2,2
52902dfb-c5a6-4a76-8260-4fe657d2fbda,Derek Adams,8983,472.7894736842105,19,1,1,0
529ecb1b-7a42-4cbe-a7a6-e4352355a439,Alyssa Clark,12506,521.0833333333334,24,2,3,1
52a27cd7-fa27-43ff-8082-7e6067211565,Matthew Rivera,12115,432.6785714285714,28,1,3,2
52f85071-0b33-416a-88a0-4d89130353d4,Mary Anderson,8140,478.8235294117647,17,5,2,0
531a2a4e-4676-4b51-81e8-ab193f70183b,Diane Watson,13038,434.6,30,1,2,1
532c2a8c-0662-447a-b806-10b30503a241,Jeffrey Yoder,15744,477.09090909090907,33,1,3,1
5331c61a-44d2-4826-b678-e428a9783dbb,David Jimenez,1167,583.5,2,1,1,3
53355db8-8150-4243-82e3-697ab12aad63,Megan Phillips,15569,457.9117647058824,34,4,3,1
534b4a51-0592-4546-8887-1fc5c26f0bcc,Kyle Miller,7957,418.7894736842105,19,5,1,0
5397bf90-6ce5-4dc3-afb6-22392306f017,Curtis Roberts,9515,475.75,20,5,1,0
53b6b352-d2e3-4cde-b142-d3289bb71949,Katherine Martinez,14558,428.1764705882353,34,1,1,1
5403223d-ba31-4b88-bebd-cf22326ea238,Jeffrey Murray,16329,480.2647058823529,34,3,3,1
5422a619-8c00-48c8-a635-df3fbe100373,John Hernandez,8707,483.72222222222223,18,5,1,0
54dc4f21-5f3c-4192-a4fb-933719df5a54,Rachael Garcia,11509,575.45,20,4,1,0
55127d3c-0e51-4a93-aabc-6efe62d285d8,Shannon Davis,6672,444.8,15,1,3,2
55252131-49e7-4357-9859-fdf3ee86f7cd,Andrea Kline,7050,470.0,15,1,2,2
5528077d-766a-4f76-b93c-1c1026d0aad5,Jonathan Martinez,8237,457.6111111111111,18,4,1,0
5541028b-d585-4298-a217-933cce47ecd0,Diana Robinson,12083,483.32,25,3,2,1
555f67ff-06ea-4f5b-a740-42521c87e538,Jonathon Harrington,9648,567.5294117647059,17,5,3,0
5561a945-e8d3-43fa-bd75-85a1590eb089,Kristin Briggs,8541,449.5263157894737,19,1,2,2
556ec505-4932-416e-b7d2-f79bce6db5f0,Timothy Buchanan,7622,476.375,16,2,2,0
55894235-15d5-4795-8467-277e6a4aa5d3,Shannon Morales,11538,480.75,24,5,2,0
55d8a61e-b644-4f40-87a5-d227b95c8e8b,Renee Jackson,8139,452.1666666666667,18,1,1,0
55dc1fa8-011d-424f-bfab-60a968cc04a1,Anna Graham,13168,454.0689655172414,29,5,3,1
565628d3-5892-4f3e-bcd3-61600d3181e9,Richard George,15325,464.3939393939394,33,1,1,1
566303e4-4ab5-462d-bad5-e4d90059ad31,Christopher Sanchez,8565,475.8333333333333,18,1,2,2
56a68870-1ee0-4ce1-bd87-074c6ea5a548,Brian West,7154,476.9333333333333,15,3,2,0
575d1545-3d3b-4468-8cf6-389608021e79,Lauren Ross,10777,538.85,20,2,1,0
57af099f-7593-48fe-aff6-9219bf7bdd24,Brent Haney,9244,420.1818181818182,22,2,1,0
57b1481a-397b-45ca-89f7-a21359b9c83a,Nicole Williams,12083,503.4583333333333,24,4,1,0
57b5fab1-297c-4b1d-82e1-a4750206a907,Tina Stevens,18591,531.1714285714286,35,3,3,1
57b62f77-e1e4-47d5-b41e-bf776ff8b59c,Kenneth Myers,13163,470.1071428571428,28,4,3,1
57d12c08-e268-4923-a4d0-34d5939a18e0,Tony Adams,12602,466.7407407407408,27,3,2,1
5831b241-ec64-421b-aa80-4b802bfed582,Brad Watkins,927,463.5,2,1,3,3
583ff1e7-c07b-44f2-acb5-d23266975d81,Mariah Williams,13890,514.4444444444445,27,1,2,1
5842e994-9a95-4b66-94e1-02fac0214bfa,Kristin Shepherd,7302,456.375,16,1,2,2
5874128d-4ccf-4e36-9802-a74bad054aca,Thomas Hernandez,7743,516.2,15,5,3,2
5897feec-4546-4099-90f5-57570e5b32d6,Max King,8761,417.1904761904762,21,5,3,2
58aad0a8-4bb7-465c-a227-0208d36ac8d5,Mark Wheeler,19945,569.8571428571429,35,5,2,1
58bae4d9-f397-4afd-98ce-42a47d4c586a,Hannah Lewis,1485,495.0,3,1,1,3
58ef9605-03ad-4439-a970-fd35bfb123bd,Eric Barnes,10944,547.2,20,1,1,0
58fc4771-353f-4a66-8985-5f2902f46321,Sonya Fisher,16100,473.52941176470586,34,1,3,1
596fff6c-81a6-488f-b781-a084e5213f2c,Eric Jenkins,7631,476.9375,16,2,1,0
59a5a27f-6eb2-4dd1-a884-81b16b3474f6,Rhonda Woods,10848,452.0,24,1,3,2
59a9c9c0-9076-46c5-ab43-ccd5c3c03cf9,Diana Fritz,17085,517.7272727272727,33,5,2,1
59bd81b3-8686-4d08-8c1f-0b6dd461c20b,Caitlin Miller,14230,431.2121212121212,33,5,2,1
59e9daf3-4e62-454e-9549-a44a87d6f545,Cynthia Smith,13405,446.8333333333333,30,2,2,1
59f5c052-5630-48f4-9622-ccbf22bcb00d,Melissa Nelson,12661,486.96153846153845,26,4,2,1
5a236741-58ff-437c-95db-34736ab8ef00,Leslie Martinez,8512,425.6,20,1,1,0
5a3058ad-95a1-48b5-a83c-345266568ace,Barbara Preston,17507,500.2,35,2,3,1
5a3a608c-ef16-4de8-9db5-ecbcd7378b82,Darrell Holmes,17717,536.8787878787879,33,3,2,1
5a54bd5e-bc08-4852-befc-cff0f7c2d3f9,Brian Hall,11016,500.7272727272728,22,1,2,0
5a68837c-e8f1-409d-beca-e7056de11d42,Lisa Simon,9260,463.0,20,3,2,2
5a6af3e9-c8bf-4b65-b599-3b3f4e2791e8,Mia Baker,14760,461.25,32,4,1,1
5aa9674a-cc4e-4cb9-a115-e65b515ca3e9,Peter Edwards,12896,460.57142857142856,28,5,1,1
5ab17456-cc3d-456c-85a4-012e9d2ed334,Diane Taylor,12178,487.12,25,5,1,0
5b549eb1-c718-48f5-9473-47108496af4c,Nancy Ramos,14199,546.1153846153846,26,2,2,1
5bb4389f-a469-459e-8afe-14b348830d4d,Sheila Hoover,11647,465.88,25,1,1,0
5bf1d4e8-8915-43ad-b403-43b982f7a0de,John Carter,8433,496.05882352941177,17,1,2,0
5bfa193e-3b6a-4d5f-a14d-0d336056f764,Mariah Mccormick,13249,473.1785714285714,28,4,3,1
5bffdb65-9ad8-4439-b35c-f9ededfcac60,Jason Lee,9171,573.1875,16,3,2,0
5c189619-0b00-4ad8-babf-febae683b101,Teresa Cannon,8016,501.0,16,3,2,0
5c2c81d8-3691-4654-b9c8-9d25c1f73b7d,Steven Jones,17795,508.4285714285714,35,5,3,1
5cbff725-e6e3-4c0d-a448-5718fcffcf0d,Margaret Frazier,11071,503.2272727272728,22,3,3,2
5cdd19df-9a02-4034-866f-f61249e4f911,Jason Carlson,16198,506.1875,32,4,1,1
5d105a05-c355-4704-ac43-81e0b06b0d53,Regina Gay,12774,473.1111111111111,27,1,1,1
5d4c5f97-c9c0-45e1-a1d9-a349d0300450,Megan Cox,9274,515.2222222222222,18,2,3,2
5d5f83c4-3ca3-45e6-badf-12d8815734f8,Elijah Rogers,14472,482.4,30,2,3,1
5db3f904-7c96-4a64-b33c-72c0bec0b119,Justin Cruz,12848,428.26666666666665,30,1,1,1
5db8cd02-0d7b-4130-8f5a-1956ee454186,Kevin Cross,8950,447.5,20,5,2,2
5dd9057c-180f-40d3-b8aa-fa1548c839fd,Frank Clark,11960,427.1428571428572,28,4,3,2
5e244042-2a1b-465a-9fda-40a65de7dc68,Katelyn Clark,9710,441.3636363636364,22,2,1,0
5e360f2c-7b62-4891-b23a-7ca2a1cfceff,Phillip Williamson,14129,523.2962962962963,27,5,1,1
5e65e17c-6ea3-4309-af4a-8d8c6e69ae4e,Jessica Long,17818,524.0588235294117,34,2,3,1
5eb8461a-8ae7-4adc-86f4-5d46d112d814,Melissa Watts,11565,502.82608695652175,23,2,1,0
5edf4a5d-2c85-49a9-bf47-c8ca7b680251,John Adams,6483,405.1875,16,5,3,2
5f204ee6-c1b2-458f-861a-c8eb262f1424,John Miles,9639,481.95,20,1,1,0
5f8a6ea4-f0a2-4b98-bbbc-3503bb1d120f,Joseph Walker,6767,451.1333333333333,15,3,1,0
5fb259d8-e6d5-4936-9b98-980021c0cc83,Bonnie Cox,9360,492.6315789473685,19,5,1,0
5fb9a25a-eb75-4b6c-a18e-c24256c3cb98,Andrea Burke,690,345.0,2,4,3,3
5ff360de-20b4-4ebb-9e3c-cf0d0a7bc0b2,Jenna Lee,11857,474.28,25,3,2,1
6015006c-88b1-437c-aad8-984340ececa5,Kim Campbell,15653,504.9354838709677,31,1,2,1
604ba0df-e51e-4a29-a32f-c12009497e01,Justin Fletcher,10176,535.578947368421,19,3,3,2
604dc94b-2c0d-4310-a30b-26a06f8e7bab,Anne Sanchez,15490,484.0625,32,5,3,1
606b64c6-a910-4659-b126-7c1b934e9978,Matthew Bennett,12181,553.6818181818181,22,4,2,0
607037de-aa34-4b72-91a0-ebee3256f2f8,Michael George,9393,469.65,20,5,3,2
608ac43e-ed0b-4f70-bbc4-3246df894656,David Hatfield,6862,428.875,16,5,2,2
60a9a331-4869-41b3-860a-e5a9a0518f55,Daniel Miller,12866,476.5185185185185,27,2,3,1
60ad3b01-6542-4e4e-b715-36d7cc9539ae,Justin Banks,7553,419.6111111111111,18,1,1,0
610fd4a2-07da-4385-80cd-34cedcb463ae,Kevin Munoz,13023,465.1071428571428,28,5,2,1
6113893f-d658-4d82-9c79-96b64b4063a9,Rachel Ross,8103,506.4375,16,3,1,0
613675aa-9e33-4d93-89a2-22f0d4207036,Trevor Jackson,9760,464.7619047619048,21,2,2,2
61965c1a-c8c8-4f22-a1a5-7f09019c8779,Christopher Blankenship,13221,528.84,25,4,1,0
61bf640d-ef78-49cc-bb4f-c9d045902a58,Michelle Estes,11746,469.84,25,2,2,2
6202aa3b-54a5-4396-977f-2189ebf144ca,Tiffany Keller,12043,481.72,25,3,3,2
62372212-29f8-4612-adcf-69c1cb51644d,Becky Villanueva,10054,502.7,20,3,1,0
6248b1f5-8416-4f6d-bf30-f6290115b1f6,Laura Miles,6334,422.26666666666665,15,2,2,2
6260938d-2e34-4d0f-a368-9b96bdf99ce5,Ashley Fox,11699,433.2962962962963,27,5,2,2
62746641-bb9b-43f0-bb85-9c891f463a98,Vincent Lewis,15182,506.06666666666666,30,2,2,1
627dc70b-1d3d-47be-920f-fb42d68c054e,Michael White,6543,408.9375,16,5,3,2
629a4a42-e94f-4cfd-9dad-9d766c82fd62,Brandon Johnson,7216,451.0,16,1,2,2
62ed2ab1-dbcb-4c58-9a45-1c0b7abc0e02,Amanda Reynolds,11758,489.9166666666667,24,5,2,0
62f9eca1-1392-48d3-8676-35afc59113a3,Kimberly Rogers,7724,429.1111111111111,18,3,1,0
6329aed8-1ab9-4f1b-bc8c-a1659190fe6d,Michael Novak,16486,531.8064516129032,31,3,3,1
633bfd40-4b6b-4030-9427-13303c15dc98,Roger Velasquez,13634,470.13793103448273,29,3,2,1
6355eb46-7f5f-4e4c-bd98-505a14d9ff8a,Elizabeth Mueller,16457,484.02941176470586,34,3,2,1
63588d8c-9742-4587-8acf-a57b84686044,Daniel Henderson,8629,454.1578947368421,19,4,3,2
6390d174-8172-42b6-8cf6-8bac9c4ed5c9,Daniel Ramos,13102,485.2592592592592,27,4,3,1
63b1ff75-692f-4101-af16-96c02d92a449,Preston Hill,8816,419.8095238095238,21,5,2,2
63c7c62c-a2c8-4036-929a-d12e07067949,Jason Osborne,15496,534.3448275862069,29,4,3,1
6402defd-144b-45fb-a5cc-8ff168b4db9a,Hannah Thomas,8815,440.75,20,2,2,2
641cb4e7-c12b-4313-9773-fed24aeb5112,Rachel Farley,14347,409.9142857142857,35,5,3,1
6421c5a3-431a-4987-9bf3-965132b32b1a,Mitchell Hall,16742,492.4117647058824,34,1,3,1
642e1fd5-523b-4ed1-8d60-05cb21eb580f,Thomas Coleman,15781,478.2121212121212,33,3,1,1
645e562b-a3e8-4035-8395-689d82cdf816,Tonya Brown,9147,481.42105263157896,19,2,1,0
64658650-5d37-43db-90ea-04abd528aeee,Joseph Cisneros,15972,499.125,32,3,2,1
6483b977-3196-4078-b5e0-d231fd771360,Anne Morrison,7149,476.6,15,4,2,0
64c75673-577f-4a4e-b5e5-6ad274e0b3db,Antonio Townsend,14036,452.7741935483871,31,3,1,1
64fa859e-c631-4a55-b9a2-851238e4c30b,Lauren Anderson,14345,494.6551724137931,29,2,2,1
65091c58-9a4e-4f16-9207-0ff2caec896e,Edward Norman,14237,508.4642857142857,28,1,2,1
650ae2fa-1154-4dfd-93b6-322fc8dc0aaa,Rachael Leach,7378,461.125,16,1,1,0
65192c5d-98ee-4529-b43a-2610de2a0b18,Hailey Wolfe,8134,542.2666666666667,15,4,2,0
6522c11f-1206-4ee3-827e-1e0484aa132c,Ian Patterson,15585,472.27272727272725,33,2,3,1
652c3e1b-0b12-4469-a5ac-5b123617766e,Connie Simon,10589,423.56,25,5,2,2
656db031-4b53-4d6c-ab60-a008ad0e1b33,Howard Mcdonald,14924,481.4193548387097,31,2,2,1
65885ed0-ea50-4ad4-95e6-3240fd6625e6,Jessica Mann,14823,449.1818181818182,33,5,3,1
65b35da8-73c2-4302-8314-96621401ae8a,Allison Smith,17222,506.52941176470586,34,2,3,1
65cc244f-f8ba-4e7b-9040-62b2da2533c7,Micheal Roth,8122,507.625,16,4,2,0
65cf1611-969e-42f2-856a-b3178c362dad,Sheri Choi,7125,445.3125,16,3,2,2
65d3d040-2a09-4e55-907d-f4e05106e7ac,John Taylor,9558,503.05263157894734,19,4,2,0
65dc13fb-44da-4b9d-b210-da6be27c0965,Jonathan Moyer,13465,498.7037037037037,27,3,3,1
65dfd72c-113b-42d6-90f1-7f0b1099949f,Sandra Jackson,17110,503.2352941176471,34,3,2,1
65f81cdc-25e1-46cc-8b49-d6fce989a1e7,Patrick Hall,6788,399.2941176470589,17,5,2,2
6600e210-ea7b-4568-b135-4ccb8403d3ac,David Henry,9816,467.4285714285714,21,4,1,0
6606d037-6e8a-4f31-9aa3-15420358c0a6,Christine Garcia,18008,514.5142857142857,35,5,3,1
660bdff8-438a-4dbb-9767-1d99f1d165d5,Michelle Golden,14686,489.53333333333336,30,3,3,1
660f161d-b84c-4b32-a0ba-357aac82ed3a,Melissa Mcmahon,1966,655.3333333333334,3,3,2,0
661affd1-8a31-40e0-af92-24e9ea75dbd3,Grace Schmitt,9692,440.54545454545456,22,1,2,2
663da3b5-652e-4b32-9925-473893e33a9f,John Higgins,6459,403.6875,16,5,2,2
666d0b2d-434b-4b09-9363-6a6b366c0a54,Lori Thompson,8788,488.22222222222223,18,3,2,0
66797b58-e96d-4d40-99d3-5cda775a24e7,Susan Travis,9363,492.7894736842105,19,4,1,0
66af97f8-09a7-4c63-99a0-06bdba82b86f,Walter Patterson,8282,517.625,16,3,2,0
66e16738-0686-4928-ab32-53571ee18a2f,Katelyn Myers,9657,438.95454545454544,22,4,3,2
671ef4c9-18d9-48fd-83f5-e07c757286b1,Melissa Boyer,8439,421.95,20,4,1,0
67260a9b-4a15-4dfb-9c52-c8882df6c63e,Samantha Fields,8365,464.72222222222223,18,1,2,2
672893de-206f-4505-b474-4362911ef257,Anthony Leon,9589,504.6842105263158,19,2,1,0
67361d60-6e28-47b1-898f-8121f4a432dc,Linda Hopkins,14016,467.2,30,2,3,1
6773a374-d094-4683-9937-75e9f84285f5,Dylan Gonzales,7234,482.26666666666665,15,3,1,0
67a34fb7-f44e-4445-b9b5-3a84b3bef7eb,Yolanda Smith,18242,536.5294117647059,34,4,2,1
67a6f86b-f086-4eb4-a2f1-924bb39c8401,Aaron Snyder,11104,444.16,25,1,3,2
67dbf18a-fc63-46b2-853c-8ef32f603305,David Wallace,16404,497.09090909090907,33,4,2,1
67f8518c-9f3a-4552-a443-e5c5d5b6735d,Susan Carter,10319,515.95,20,4,1,0
6807ee2f-e481-475d-9e34-7a940a273fa4,Joseph Bennett,15706,490.8125,32,1,1,1
6866ce30-364a-4ba1-a103-b9269afd8348,Virginia West,6572,438.1333333333333,15,4,3,2
687e95e6-db48-4bab-b82f-db95f54f9500,Christina Fischer,11540,461.6,25,3,2,2
688a6926-1880-4b54-a5f1-dd81b782c79f,Anthony Sullivan,14866,495.53333333333336,30,5,1,1
68c1662e-af77-4e67-b4e4-10046ed54ac2,Nicole Morris,17770,507.7142857142857,35,4,3,1
68ece8ca-4d44-462c-ad1e-489b9b983d08,Cassandra Edwards,13047,420.8709677419355,31,3,3,1
68efc0d7-98a0-498c-9c75-2543c1e0879d,Barbara Higgins,9358,519.8888888888889,18,4,1,0
691f350e-cf3c-4245-b528-c0e6be03863b,Melissa Dickerson,9685,509.7368421052632,19,2,3,2
694986ab-fd3e-45bb-b093-7218d7c08813,Adriana Sanchez,7316,457.25,16,3,3,2
694bf2f6-1c9c-4db5-b143-70090ee6f10a,Kelly Sanchez,6977,410.4117647058824,17,5,1,0
696fb37e-34c1-499c-8113-aca8f90dd352,Tammy Myers,10594,423.76,25,1,2,2
69828d9a-23e8-42d7-9a07-91a38504aa02,Walter Sullivan,10945,497.5,22,5,3,2
6994e448-67f5-4eae-8eaf-ad58dc3400d5,Sandra Zavala,14401,450.03125,32,2,2,1
69bb3e09-4f84-44a3-94f0-4c64ebd8e70f,Randall Diaz,10486,419.44,25,5,3,2
69c2efb1-15a3-4580-8194-3c5636df84ca,Stephen Wilson,9075,453.75,20,3,3,2
69cc3dfc-35ac-41bd-9cde-c9eb3f27d8a6,Shaun Brown,13118,468.5,28,2,2,1
69cf934a-3759-4e39-9c4f-8e4d66090631,Anthony Pham,9672,403.0,24,2,2,2
69db4a94-2f02-4689-999c-5300dacf8d61,Mary Daniels,11839,408.2413793103448,29,1,3,2
6a0680e3-a6e3-4b17-a2ef-201959e1d4ef,Joshua Wright,15109,487.3870967741936,31,1,2,1
6a1cd465-fd6a-4aab-a114-e01991c1186f,Adrian Becker,8340,438.9473684210527,19,5,2,2
6a4d8c8e-58fb-4d44-84a0-d9e04ba1b0aa,Hannah Osborne,14680,506.2068965517241,29,2,2,1
6aa83423-81a4-4d9e-ab1f-e888643fe26b,Nicholas Smith,1414,471.3333333333333,3,3,1,3
6b020e8b-32f2-4b15-bb37-f7890ff19204,Gregory Martin,15838,510.9032258064516,31,4,3,1
6b041c73-0b9b-4e54-9e41-1c3ab42381eb,Jonathan Andrade,15090,503.0,30,3,3,1
6b1c0ea6-7214-47db-9de2-53b4b01e2a8a,Patricia Stewart,11843,455.5,26,5,3,2
6b20b125-d886-4680-876b-34ade4a2786b,Tiffany Hart,14344,494.6206896551725,29,2,1,1
6b3cb82b-3642-4220-9405-99b316dbe115,Heather Turner,14666,523.7857142857143,28,1,3,1
6b5560e1-2177-4e31-907d-94f9a9b9a4e2,Robert Armstrong,14602,442.4848484848485,33,1,1,1
6b8cd2ac-f0c0-4626-9af9-91c06bf3bf15,Timothy Roth,10179,407.16,25,4,3,2
6be87429-f4c3-4a4c-b31c-ed500b50e926,Isaac Warner,10214,510.7,20,3,3,2
6c1b7af1-d7c8-480e-9e0d-7a7c4e37c62e,Jasmine Hartman,16841,526.28125,32,5,3,1
6c1e7e66-3574-42e8-8297-ac0b4fa243a0,Wayne Rogers,6101,381.3125,16,4,1,0
6c57d760-7a0a-42c5-9394-d6d993318087,Ryan Castillo,12283,472.4230769230769,26,3,3,2
6ce2efb3-e2d0-4d83-844c-7bb8dde78b68,Luke Cole,13145,469.4642857142857,28,2,3,1
6ceff35b-07c1-4597-99b4-ae3219231a59,Robin Allen,10984,406.8148148148149,27,3,2,2
6d0a5e82-e8d6-4c5b-aed0-f9ae016dd504,Stephanie Newman,9863,469.6666666666667,21,4,2,2
6d25fd17-1aef-4d94-aebf-586602b63986,Mary Davis,7896,526.4,15,5,3,2
6d589897-d4fa-4604-898e-f5d1d110b927,Dustin Morris,8266,486.2352941176471,17,2,3,2
6d8ddc47-9cb4-4e5b-9050-8080dcf910de,Michelle Mays,11749,419.6071428571428,28,5,2,2
6d9bd032-4e70-4427-ba2c-c04aa0c9dc58,Michael Turner,6564,437.6,15,1,1,0
6dadfd7b-0ff1-4d47-8750-17b4fbcbbc87,Autumn Brooks,1162,387.3333333333333,3,3,1,3
6ddf2a4a-3385-40a9-9e75-3daf8273ab09,Heidi Benjamin,9542,502.2105263157895,19,1,2,0
6de69601-efe5-48d8-bb80-ed5bd67d90d0,Marcus Vega,7581,445.9411764705882,17,3,3,2
6df91c5d-d64b-44aa-9cd4-3cea7a81c626,Phyllis Hendrix,9206,575.375,16,4,2,0
6e0a2da3-f49c-4be0-ab34-5320a3cc74b1,Justin Dixon,9071,412.3181818181818,22,2,1,0
6e3be9f0-50bb-4eb9-afc7-8f626737eda7,Samantha Gilbert,10800,540.0,20,4,1,0
6e454e1f-2bd0-49ca-a062-7679329d7257,Amy Armstrong,11611,504.82608695652175,23,3,3,2
6e777950-54d2-436c-a069-57dd6731d473,Matthew Johnson,10659,463.4347826086956,23,5,2,2
6edc3769-e348-4edd-9443-f238212e2952,Robyn Mitchell,9292,464.6,20,2,3,2
6ef5a269-c956-4957-89b3-5712c17a14eb,Lori Moyer,7714,482.125,16,1,1,0
6f1b4cd3-b9d7-43e7-92ff-5667b28da6f3,Andrew Guerra,16394,496.7878787878788,33,4,3,1
6f1c9da4-81d9-4cca-9a8d-8720938c9b80,Yvette Hutchinson,15412,531.448275862069,29,1,1,1
6f1fc422-e7fa-48c5-a643-3bf16adb6756,James Morales,15352,465.2121212121212,33,3,3,1
6f48996e-6c94-4ac3-98d6-bfbc2e6791e4,Alexis Holloway,9695,510.2631578947368,19,1,3,2
6f564ada-3438-4c9a-a0f1-d5cff4a880eb,John Navarro,10065,457.5,22,5,1,0
6f6d7147-4993-4601-9888-7465137cef8f,Scott Miller,12146,506.0833333333333,24,4,1,0
6f765bdf-87c5-4b9b-8860-2fa65259d927,Christopher Elliott,13634,504.962962962963,27,5,3,1
6f787969-9846-4090-85e3-9951c3ae4e34,Rebecca Richard,6458,430.53333333333336,15,3,1,0
6faa814a-e5c5-4a3d-9e93-91b3fa954586,Phillip Moore,18446,542.5294117647059,34,5,2,1
6fbd2461-da38-4274-9625-22efb63951d9,Bobby Davis,12258,454.0,27,5,2,1
700024fc-f148-4200-8b14-d80fef2701f6,Richard Jackson,9347,467.35,20,5,3,2
702fd453-3f19-4d07-9511-2fd39eda8654,Richard Hodge,16602,488.2941176470589,34,5,1,1
70415692-1554-4dfe-9446-aa68827a8b6e,Christopher Carr,7633,477.0625,16,1,2,2
7042f8c9-51b9-43e0-a794-8ed73b6f3f4a,Michelle Randolph,10941,455.875,24,1,3,2
70605461-68fe-46da-a8cd-a9be58563b12,Antonio Foster,8201,482.4117647058824,17,4,1,0
706ef961-3093-441e-9580-a7a3a2d8fd83,Gregory Peterson,15243,508.1,30,4,1,1
709352a6-1fef-4e08-bdfe-deb08f3bae35,Eric Delacruz,9476,526.4444444444445,18,4,1,0
70aea8c8-9a14-42ce-a6c8-e249b8dd281a,Michael Sharp,1250,416.6666666666667,3,3,1,3
70e4a70d-9c73-4cd1-8bb9-88217c4b214e,Faith Phillips,14547,454.59375,32,3,2,1
70e4afbe-e0fb-4e0d-9739-8f87aa81d4d8,Todd Burns,18080,547.8787878787879,33,1,3,1
7144194b-bd30-4e4b-ba73-b86abe656b43,William Williams,9627,481.35,20,3,2,0
71774d31-5012-49e0-a968-230c56573c5b,Tiffany Calderon,11433,457.32,25,2,2,2
71896438-d12a-4722-aceb-5bd712a4cc1e,Benjamin Chan,7642,424.55555555555554,18,3,2,2
71a195b8-952b-4668-aec2-b25046f88a55,Thomas Erickson,15115,458.030303030303,33,3,3,1
71d0f278-a5ac-4d10-ad46-809ca9e48d3a,Sheila Vasquez,14208,489.9310344827586,29,3,2,1
71e79106-87b1-49b9-8735-78e565a3520f,Jeremy Richmond,15260,476.875,32,1,1,1
71fda347-4547-4c77-a264-6ee2bdced115,Rachel Fowler,9996,399.84,25,1,3,2
721d044b-385b-4fd3-badb-14b4d016aaf9,Fred Robles,16894,527.9375,32,4,1,1
721ec9de-ae48-4a3d-bb34-adec030666e6,Timothy Gregory,1500,750.0,2,2,2,0
722fa3c2-b613-43e8-a0db-ff0030cfba64,Tina Lewis,15755,463.38235294117646,34,4,1,1
7243bad5-051a-4173-8fca-9e2aaedf5302,Jeffrey Lewis,8369,464.94444444444446,18,4,3,2
72498ce6-c681-411c-b246-af1b88dc448e,Patricia Robertson,7800,487.5,16,1,3,2
724b0662-be32-4adf-b63e-6d0a69fa3e3b,John Goodwin,15863,511.7096774193548,31,1,1,1
7256c0e5-06c8-4c8b-85af-e0175599789b,Robert Gibson,11092,410.8148148148149,27,1,2,2
72640ec6-a58a-4646-b46c-e2e72a162e7a,Beth Barton,13290,474.6428571428572,28,5,1,1
72cb67ff-562a-49bd-9c31-b8d802b27789,Steven Johnson,7255,453.4375,16,1,2,2
72d55689-400b-4576-9815-44f78a139166,Kayla Martinez,12161,467.7307692307692,26,4,2,1
72d98ef2-1157-4ac4-b160-3c251f8af2a9,Charles Martinez,10306,542.421052631579,19,4,2,0
72dcbaa9-2f99-4ecd-bdb6-c1729a27f9ef,Joshua Anderson,11971,427.5357142857143,28,4,2,2
72ea8d86-176c-4b42-b9fe-17aa98fc794d,Chelsea Simmons,13591,503.3703703703704,27,5,1,1
72f246cf-48f3-4013-aeb2-e3636ccebf6a,Steven Henry,15102,431.4857142857143,35,5,2,1
731bd10c-0ea8-4d1b-8e1b-dc7d3a6aa4db,Michael Dyer,13234,509.0,26,1,3,1
7327de32-1fb3-477b-867b-85df579bdb79,Derek Fischer,10738,488.09090909090907,22,5,3,2
73320fcd-d6ec-4938-b84c-6546e5e1353e,Caleb Blackburn,16948,484.22857142857146,35,4,1,1
733893d4-6668-4b7b-8b53-915f3d577ead,Brittany Robertson,7149,476.6,15,1,1,0
735c8f0a-f4c8-47b0-9554-5c4ea7ffe79f,Maria Vincent,7279,454.9375,16,2,2,2
735cf305-cc16-4e2a-8886-246f57a833ed,Dawn Chavez,12889,477.3703703703704,27,5,1,0
736e4593-5806-4745-b109-9a65677529b6,Dawn Fischer,8731,436.55,20,1,1,0
738e5d65-3984-4111-a233-9a5a5876f387,Cindy Davenport,1413,471.0,3,5,3,3
73a7bafa-320d-49fc-924d-2974054e7bf0,Eric Nolan,8319,489.3529411764706,17,2,2,0
7425af47-5edd-47d1-9095-54bbd02be9da,Samantha Lee,14161,505.75,28,4,3,1
743429e5-3c4f-4700-b377-cf7e54efe4fd,Samuel Mcdonald,14460,413.1428571428572,35,2,3,1
747f3cfe-add0-4b87-ad78-2a5b57264694,Christopher Washington,12182,435.07142857142856,28,2,3,2
74a5b0af-0c1c-49b2-827c-33b0388858b1,Angelica Ruiz,7053,391.8333333333333,18,1,3,2
74bcb8f5-9631-48f6-9837-e94b83c90594,Patrick Strickland,14747,460.84375,32,3,2,1
74dc02ef-56ca-4a05-a5a8-e5477bef7392,Jeffery West,15436,497.9354838709677,31,4,1,1
753dd4eb-cd0e-48eb-9ab1-9694f36d1fe1,Kelly Romero,8974,472.3157894736842,19,4,1,0
756663aa-9f90-41c7-acb8-d4e132100277,Amy Williams,15840,528.0,30,1,3,1
756e8866-cb0a-44a8-81bc-f9ed445d29f2,Amy Barton,13896,421.09090909090907,33,1,3,1
75ae0f86-3fa2-4ff6-a144-327ec3029b59,Raymond Wilkerson,9722,511.6842105263158,19,3,3,2
760c8c98-997c-4b79-9db0-82c8eb3efb37,Cody Bailey,8117,450.94444444444446,18,3,3,2
7610d3ae-7730-456e-bb12-37af3a444062,Darren Smith,8832,490.6666666666667,18,3,2,0
7628f5d1-ef0b-4b75-a7bd-dec5ae88850d,Susan Christian,10381,451.3478260869565,23,5,3,2
764c8faf-fd21-438e-91e4-a991a5f166a7,John Hall,14798,477.35483870967744,31,3,3,1
7661e9e7-415f-4e74-9c25-98fcf23531fc,Breanna Foster,8240,412.0,20,5,2,2
7667da40-5c39-41f1-9697-07b379e1a049,Phillip Dorsey,14024,519.4074074074074,27,3,2,1
769606be-a02d-44f5-a557-6884d2fa1729,Curtis Brooks,8945,447.25,20,3,1,0
769f1f98-185a-4d47-b69e-4b033e4d2b3b,Joseph Clark,11646,554.5714285714286,21,1,1,0
76d05281-0f52-4027-829f-74dfe9ddd5d8,Mercedes Beck,15094,486.9032258064516,31,4,2,1
771dc2ea-86d9-4c6a-852f-f6757880da11,Kayla Guerrero,12723,471.22222222222223,27,5,2,1
772ba019-7c0c-4c76-baaf-01fc34f3d4c9,Tiffany Mendez,13866,533.3076923076923,26,3,3,1
7743f1e2-785c-459a-b882-78f5dc9e7979,Heather Evans,14288,446.5,32,5,2,1
775eba9e-765c-4ac8-948f-e949945ba7a4,Jennifer Ortiz,16272,464.9142857142857,35,3,1,1
777776ff-ba1d-48a6-b706-9bbc05c22efd,Tamara Tapia,12368,458.0740740740741,27,1,3,2
77d08491-a608-4a20-b1a5-41170b28e51b,Wesley Strong,15392,496.5161290322581,31,3,1,1
78170828-ae3b-48aa-a0d8-b055488bc14e,Sarah Waters,11133,556.65,20,3,1,0
7840ea91-526f-4c49-9f51-b8d575593ace,Victoria Marsh,12282,472.38461538461536,26,4,2,1
784976b4-a654-4f49-8337-4c8d4115eb10,Lauren Cross,10726,466.3478260869565,23,5,1,0
786ffa59-f8e2-4497-aecc-0a520daf30fb,Anthony Campbell,16541,501.24242424242425,33,3,1,1
78c163fd-54c0-48b0-a9c8-53003106c2b2,Melissa Perkins,9193,459.65,20,3,3,2
78d4e9ff-bd52-4c83-bc8d-fdc6c9136e39,Jeffrey Hunt,15823,479.4848484848485,33,5,1,1
78d798ae-5fc8-4bad-a4a1-80e47835ec09,Nancy Ruiz,13537,423.03125,32,5,3,1
78e30c1f-3001-4a92-afff-6d2f029829e0,Melissa Ford,9433,471.65,20,1,1,0
78e7527f-d85a-4433-87e1-59448d3f1c44,Casey George,12206,508.5833333333333,24,5,3,1
78f11e9e-afc1-4a1c-9266-f3ee5e2d2933,Brett Patel,14799,435.2647058823529,34,4,1,1
79ce593e-4858-4ec1-b3c9-05661e25d4eb,Judith Phillips,7965,468.52941176470586,17,3,2,2
79d0c8a5-cccb-4e2b-9b7f-5c1754b5a664,Crystal Lowery,12852,535.5,24,5,2,1
79d37ebf-dfe7-43a1-96ab-fb99154550c7,Jose Reed,13574,468.0689655172414,29,1,2,1
79d665d3-26ec-4608-8441-9c01986bc12f,Holly Young,7924,417.05263157894734,19,5,2,2
79f53e17-ca5a-4213-baaa-4ec70100faa0,Lee Silva,9178,458.9,20,2,2,2
7a2eaa46-8a10-4586-a17d-e9b94530250a,Michael Huang,901,450.5,2,4,2,3
7a34d9e3-cd63-4987-951e-a903a25a25c3,Karla Brown,9156,457.8,20,2,2,2
7a38a96f-33d0-4605-8fa0-5f3bd817c466,Frank Robbins,6922,461.4666666666666,15,3,1,0
7a6cc43f-f920-4a1d-9e6f-eb4bdd354a9d,Christine Cordova,14377,513.4642857142857,28,5,2,1
7a848901-156d-4441-9762-03cbe822c97b,Curtis Lopez,8617,453.5263157894737,19,1,3,2
7ae3254e-4697-446f-a696-1e4820cef49b,Scott Garcia,16321,582.8928571428571,28,4,3,1
7b1611a8-fac3-47e1-8a59-d329d58504f1,Jennifer Richardson,11749,469.96,25,2,3,2
7b38833b-4cf3-4cbc-a4b2-7728f7fdc852,Alexander Escobar,8930,446.5,20,2,2,2
7b940cbe-a309-4bb0-9060-356255b4607f,Jeffrey Johnson,8050,503.125,16,5,3,2
7ba1befc-e4d6-4cc9-ba5a-178a50afefd6,Kevin Gibson,13408,496.5925925925926,27,1,1,1
7ba78894-c1f2-4a33-aa1e-3bf8fcba70f2,Anna Bolton,10228,487.04761904761904,21,3,2,0
7bb08404-e6a2-445f-831f-8d4dd2aec50b,Jessica Diaz,7430,437.05882352941177,17,5,3,2
7bbb6837-e9d8-4460-8d72-d54a504895e2,Stephanie Rodriguez,9936,473.1428571428572,21,5,1,0
7bcdf655-f4cc-459e-9296-f4873b6b6c95,Frank Smith,14569,520.3214285714286,28,4,3,1
7bfe650c-c833-4b83-8f58-e7cc56f62046,Christine Morrison,8726,459.2631578947368,19,5,3,2
7c12c518-6ee5-408a-971a-11487f1d3245,James Watson,7289,455.5625,16,3,2,2
7c1b3fe6-ea6a-4359-aed7-4ffbfe8fab81,Jessica Fry,11542,480.9166666666667,24,1,2,2
7c1ebb0e-d020-4d85-af43-df1016ef525a,Amber Price,1195,398.3333333333333,3,3,2,3
7c5a5884-27ac-496f-bd5a-cb7de74cc7ea,Cassidy Smith,17067,487.6285714285714,35,1,2,1
7c6b2713-98e3-4cca-a8ff-2af6f7e0e37b,Robert Nelson,12020,546.3636363636364,22,2,3,1
7c71e6b2-2fc4-4398-aacc-d794eb50578f,Debra Shea,13560,467.5862068965517,29,4,2,1
7c80e266-0847-4d6e-bb09-dbed0d9e2d42,Michelle Liu,16407,468.7714285714285,35,4,3,1
7cc12922-61e0-4678-8f50-b7dcd02ba022,James Wiggins,18028,515.0857142857143,35,3,1,1
7ccb45c1-0263-4057-856d-605ee6cc6bc9,April Diaz,8937,446.85,20,2,2,2
7cd00e9d-9a07-4920-8f8a-70d82f25006f,Darrell Baker,9392,552.4705882352941,17,2,3,2
7d6eb8e1-f8cb-43e2-b6ee-c5f2fb5a27c9,Brittany Chambers,6945,434.0625,16,1,2,2
7db846e1-dc74-42a8-939f-659f03572ef9,Nicole Cain,15007,454.75757575757575,33,3,3,1
7e02fa63-f7b6-4dda-806f-31c36408b74f,Theresa Torres,954,477.0,2,1,1,3
7e10f7e5-da7f-48f5-8126-aec6b0490c72,Joseph Booker,12626,435.3793103448276,29,1,3,2
7e9af4a6-f30b-4bd6-ae2d-27db3b567488,William Williams,16093,519.1290322580645,31,5,3,1
7e9df94b-0af1-4f66-91f9-f9a2bcc82b90,Joseph Lambert,7610,447.6470588235294,17,5,2,2
7eb4361a-0346-4266-b3f4-2743e267cd25,Deborah Whitaker,8046,502.875,16,1,1,0
7ec1068d-cae3-42ef-9fb2-f48291f7eab0,Stephen Nichols,15928,482.6666666666667,33,1,2,1
7ee83718-5df5-4611-bbdb-b91c9437b9e6,Natalie Collins,10183,484.9047619047619,21,5,1,0
7f077b11-b852-4830-9953-316816dfd2c5,Anna Lewis,15651,504.8709677419355,31,4,3,1
7f1069e1-c3a0-46ce-8ea3-ac4b212d4f7e,Gary Jones,8391,524.4375,16,3,2,0
7f3bb756-9849-4c9f-be33-d41c882ca9e7,Jose Harrell,9247,462.35,20,4,1,0
7f496b71-eee9-4d34-900d-3ff2495f22b5,Tracy Davis,5851,390.06666666666666,15,1,1,0
7f86f7d3-1a3c-4ec2-8e1f-376aa5e11395,Jon Ford,14713,507.3448275862069,29,5,2,1
7f8735b9-bfff-4c72-be7a-6f49088d8aea,Jose Mack,6077,337.6111111111111,18,4,3,2
7f91ada6-c58d-47bf-9f45-940282f6a292,Maria Smith,6171,385.6875,16,3,1,0
7fb68c77-cb7b-4656-a97b-907f068a16be,Melissa Bradley,10743,488.3181818181818,22,2,3,2
7fbfc2db-7784-43b3-9d25-127cf8974382,Ashley Banks,7428,436.9411764705882,17,1,2,2
7fc9b593-1856-45ba-9057-e58b0c301926,William Moses,8722,513.0588235294117,17,3,1,0
7ffe4761-7a61-44b5-97c1-766fd90dcb7b,Angela Chapman,12862,459.3571428571428,28,1,2,1
80247eda-f93e-44d1-8627-37839835db21,Francisco Fisher,14305,476.8333333333333,30,3,2,1
802831c4-73b8-4cda-be99-2db4dc5ce0dc,Christina Kaufman,11498,442.2307692307692,26,1,1,0
8046811b-9f14-4968-8045-96cd82cf7138,Michelle Hendricks,10155,406.2,25,1,2,2
80501fd9-87bd-4725-a83d-b0e9739f8cb6,Jordan Lopez,9865,548.0555555555555,18,1,2,0
8057511f-90a8-435a-bd6f-71ca429a1396,Eric Johnson,15830,465.5882352941176,34,2,3,1
805c1ee8-d582-4aff-af64-35e837af444d,Tracey Gordon,16093,487.6666666666667,33,2,3,1
808e685e-b337-49ea-ba06-fc4960515bc3,Lisa Joyce,734,367.0,2,5,1,3
80fa98e4-cc39-45dc-b441-530db0b5b105,Christy Harris,967,322.3333333333333,3,1,3,3
8107af39-d3ec-482d-bc27-bbcac070e249,Joshua Fox,11522,460.88,25,3,3,2
816d11d7-1a47-4037-a48d-f625d931e058,Phyllis Bradford,17159,490.25714285714287,35,1,2,1
81853109-44b3-46e7-915b-933e9b7f39ea,Danielle Boyd,10725,466.3043478260869,23,5,2,2
8194e0d0-2d32-4c4f-8e51-b660c5102687,Sonia Fields,9407,409.0,23,1,3,2
8194f57a-0884-4f34-89e8-a285644d8cf9,Stephanie Rivas,14091,440.34375,32,4,2,1
81ceeebb-77ef-4f6e-a9a3-957bbbd463d6,Evelyn Smith,722,361.0,2,5,3,3
81e7ea78-d24a-4a28-9a03-4d3aaa986b53,Gina Jones,10217,537.7368421052631,19,3,2,0
82058d0f-2731-46e5-8511-184878437f8e,Katie Johnson,12915,461.25,28,3,3,1
82093f81-342e-41aa-a6ec-578a2864a82e,Michael Rodriguez,11417,496.39130434782606,23,1,3,2
821c1d20-8cf1-497e-924e-e859106c9fa2,Trevor Saunders,11538,480.75,24,2,1,0
82381eee-2931-4ab0-83f9-23b0a2847b60,Angela James,13508,465.7931034482759,29,4,1,1
8239549a-2ba6-4532-8ef2-3b6a0278204c,Carla Parker,12766,491.0,26,4,2,1
824fc3ba-f6dc-430b-82d2-c92eef22bccb,Valerie Cortez,7845,412.89473684210526,19,5,3,2
826b176c-4bff-4cea-a78a-eeceb8347257,Elizabeth Medina,7353,490.2,15,3,3,2
82b83843-625d-4c91-878e-3f3ea584339a,Savannah Abbott,12521,500.84,25,3,2,1
82ba8901-eed5-4abd-93da-aafc04d4c93f,Christian Sanders,10358,450.3478260869565,23,5,3,2
82c0f34c-6750-4512-9b29-377cd817a500,Kristen Jones,9209,400.39130434782606,23,3,2,2
82c32a70-0be2-4d07-93a8-c61199a8d0c8,Alexis Torres,7806,520.4,15,4,1,0
82da3585-1817-4a13-a54d-fe4f471f2a49,Linda Anderson,12923,497.0384615384616,26,5,2,1
82fac26d-2be3-4624-842f-73b74c7f6d98,Thomas Torres,12977,480.6296296296296,27,3,2,1
83001ffc-8384-426a-bbd0-0a70d63e2bba,Alyssa Norton,14937,481.8387096774193,31,1,1,1
8314ba31-8490-4871-89d9-c19273850f2d,Amanda Gutierrez,11782,490.9166666666667,24,3,3,2
8343fb23-b137-4f10-8431-f112916914b2,William Hernandez,8494,471.8888888888889,18,4,3,2
836e51e5-2668-4cda-974f-1d89d2dc782b,Jason Jennings,13376,393.4117647058824,34,2,1,1
83c1369f-4cc0-4d6b-9ec5-85520c4b2229,Rick Foster,11962,460.0769230769231,26,4,3,2
83d64120-d5e7-4b26-b83d-b2219024beac,Nicholas Schwartz,10738,466.8695652173913,23,4,3,2
841aa32c-db5b-46ee-af0e-be32f31dbf66,Nicholas Grant,11341,436.1923076923077,26,2,1,0
8444675b-b852-4a2a-b0a0-97a4b7af9991,Tony Robbins,9269,487.8421052631579,19,5,2,0
848232f1-1cd2-4111-878a-45f7de8c8d5e,Jennifer Murray,13209,489.22222222222223,27,5,1,0
84b17d6e-3bea-4497-9dda-7c3215689184,David Velazquez,6170,411.3333333333333,15,1,1,0
84d8063b-ebde-43ad-a92e-9d1bde15ab93,Adam Cox,8470,470.55555555555554,18,4,1,0
84d92b1c-752c-4656-aff1-72bb2f683c01,Mikayla Zuniga,11392,474.6666666666667,24,2,2,2
85296b27-7956-4dec-84d7-b2674913a3e6,Samantha Evans,13643,568.4583333333334,24,4,1,0
85b7760a-80b1-413d-a55b-54425c9a47e1,Stephanie Romero,12433,518.0416666666666,24,4,3,1
85cec75e-6d78-41b8-9ffd-de0be4afd8fa,Jeffrey Choi,16170,505.3125,32,5,2,1
864df466-8d4a-47ff-a494-328e4138f200,Lisa Fisher,9799,426.0434782608696,23,1,2,2
865ca8bb-c29c-40ad-893d-3949ca517306,Jamie Jacobs,8993,499.6111111111111,18,4,3,2
865f3f40-e7ed-4ba6-8bb2-bb69377f58db,Angela Richardson,498,249.0,2,5,2,3
86bf0181-b1de-457b-b993-4f9060017735,Crystal Le,1283,427.6666666666667,3,3,3,3
86d8d992-3849-46c2-86be-e7ad3bc5d228,Autumn Cortez,13875,495.5357142857143,28,5,2,1
86ecc685-b5e5-4708-8b41-717a89ee32f7,Sarah Franco,14746,475.6774193548387,31,1,2,1
87007af7-2a80-4969-9104-451cd543e2b1,Sheila Morales,12009,461.88461538461536,26,5,1,0
8704d5c9-45c8-4c26-bb80-d27b816690de,Matthew Peterson,12380,458.5185185185185,27,3,1,0
871dba56-c9f0-49e0-a996-e23908c168ce,Michelle David,473,236.5,2,1,3,3
8750c819-345b-48a2-a2c3-93afd17269eb,Barbara Jackson,10923,455.125,24,3,2,2
8829f885-6129-4c0f-8526-9cb4652de097,Marcus Howard,10723,487.4090909090909,22,2,1,0
8858b229-f760-4d8a-9eb4-7ebe943d5a48,Amy Young,7852,490.75,16,2,2,0
887d628b-af3a-4f0b-9509-ea82444bcab8,Sarah Silva,8305,553.6666666666666,15,2,3,2
88bfd87e-b40c-4911-90bb-5848217feaa1,Roger Potter,9357,519.8333333333334,18,2,1,0
88c85b3a-39ff-4cbc-a7bb-457ac7a778a4,Natalie Jones,12809,556.9130434782609,23,1,1,0
88fe6610-12d2-48df-9172-0a27972789b0,Jacob Evans,13792,417.93939393939394,33,4,2,1
8918abdb-551c-46a9-a286-6eb0be062f06,Valerie Williams,6283,418.8666666666667,15,1,3,2
8951923d-1bb7-4de5-b797-9c2e69934e4d,Jennifer Dunn,12932,445.9310344827586,29,3,1,1
89588a8a-0afe-43b2-ae7b-861a7e99fff1,Paul Williams,14962,515.9310344827586,29,3,1,1
8993350b-dd5f-4dbc-bfe3-fc3c8ae1596d,Jennifer Hall,16631,489.1470588235294,34,2,3,1
899e8b18-1f43-4ac1-98c5-93932d92f53f,Jacqueline Friedman,12996,464.1428571428572,28,4,2,1
89a337cc-0cc7-4e98-86f8-93110c411e9f,Matthew Harrison,9035,451.75,20,5,2,2
89ac739c-0249-40ff-a3f8-209f78a681b1,James Weber,9119,479.9473684210527,19,3,3,2
89f503ec-bec6-4f7e-9653-dfa77098f90c,Brittany Rogers,14831,529.6785714285714,28,2,1,1
8a25dcc9-325b-4a95-951a-8ea653808be2,Antonio Rios,10764,468.0,23,3,3,2
8a26a9e4-7864-4f1a-afed-af0a20b08a19,Thomas Walker,5786,385.73333333333335,15,2,3,2
8a2c1ea1-5ed2-4584-8949-409e4f6c61f5,Aaron Castillo,16861,481.74285714285713,35,5,3,1
8a3b698c-2952-4b72-ad0f-49e7b72a3d95,Tanya Walker,8711,435.55,20,3,2,2
8a3c4bf8-c292-4711-9331-b35221ad3629,Joseph Williams,7506,500.4,15,1,3,2
8a475abd-cdd3-4c26-861a-3f068314c867,Anthony Vance,10602,460.9565217391304,23,2,3,2
8a4d83b3-6455-4e5f-90de-f145d81d0378,Joe Mclean,7150,420.5882352941176,17,3,2,2
8a54bd0b-54e1-41ff-8e15-d7b7b38b8a97,Karen Love,12085,447.5925925925926,27,4,3,2
8ab67aa1-c341-41eb-9c01-c4dfe300856e,Marissa Watson,15414,513.8,30,5,1,1
8acb0c3b-3f1d-4cf0-a8c7-317439539b2d,Vanessa Phillips,7454,465.875,16,2,1,0
8b261ea0-c361-4193-8541-0b50268d2136,Joseph White,15521,485.03125,32,1,2,1
8b301228-bd1f-4ebb-9b47-2e85a7acfb25,Victoria Garcia,15811,527.0333333333333,30,3,1,1
8b46c6f2-19e2-430c-8b16-402437c43d55,Dwayne Smith,13648,470.6206896551725,29,4,3,1
8b82192d-a8ac-47b0-8255-94461330dc44,Brenda Simmons,12565,433.2758620689655,29,5,2,1
8b8d9716-7635-48b3-ad79-25f8dfee94eb,Raymond Larson,9179,458.95,20,1,3,2
8b904a9e-b01c-4d0a-baec-3d6e626c3622,Curtis Ingram,9128,480.42105263157896,19,2,3,2
8bb50e64-319d-4ba4-a083-1ab8ab321e1a,William Galloway,15173,459.7878787878788,33,5,3,1
8bc4c9ed-e807-41f1-b937-d7f0f8a1d191,David Morrison,10827,492.1363636363636,22,5,3,2
8c21d16f-fbf7-4bee-b350-5cf98e98049e,Michael Lewis,9474,498.6315789473685,19,4,2,0
8c2a39ba-c546-4520-8415-2d58ced519e5,Douglas Ross,10161,441.7826086956522,23,1,3,2
8c3de9bf-e3a6-4c18-9cd3-63d8b1b49735,Sheryl Stephens,10183,509.15,20,1,2,0
8c3e0e24-4116-4ce4-8ddc-6152baa5db40,Lisa Johnson,8749,460.4736842105263,19,2,3,2
8c5bc334-a70f-44c7-81e2-c12e6d9b2ae0,Rachael Graham,13999,518.4814814814815,27,2,2,1
8c5f87d8-6de7-49ba-a93a-ddec2903c65a,Susan Harris,9988,499.4,20,2,3,2
8c652811-fed3-48d6-bd44-c11c55a83ffc,Ryan West,8205,455.8333333333333,18,5,3,2
8c82f2ae-adb7-4b27-b903-ea536729f5a0,Joanne Pena,6287,419.1333333333333,15,1,2,2
8d0b1e25-41a2-4cc9-b3f1-1244d8ad409c,Michele Garcia,11077,443.08,25,1,2,2
8d40631b-f87c-43bf-8d31-514d708c7bcd,Emily Rose,6607,440.4666666666666,15,1,2,2
8d4f646c-da4e-4efa-9f89-7260168d77d7,Amanda Stevens,11964,478.56,25,3,1,0
8d65c830-d49b-4775-9e0c-8d5a147d319d,Wayne Burton,8761,461.10526315789474,19,5,1,0
8dc57871-d89e-405e-8ca3-5219b8ebe60a,Lynn Simpson,10210,510.5,20,2,1,0
8de4d78c-0be0-4f3d-992b-cb843c0791a3,Alan Guerrero,15888,529.6,30,1,1,1
8df637b6-4373-4373-b284-9610cbd59550,Alyssa Butler,9974,498.7,20,1,3,2
8e1211cf-8afb-4f56-9748-66d9b1d343ce,Shelia Gibson,8745,437.25,20,4,2,2
8e477cf9-508b-4b37-ad9f-dbd5a590edb8,Christina Stark,10227,538.2631578947369,19,2,2,0
8e4da1bc-5b6d-4e27-b867-6405bafa1a6a,Carolyn Walsh,16651,520.34375,32,5,3,1
8e5db93d-c20d-4a44-b7fb-f88f99349202,Richard Cardenas,8033,535.5333333333333,15,3,2,0
8e64804f-0676-4f63-8f4f-a7345c585314,Christian Conner,12168,486.72,25,3,1,0
8e8a87d1-c3b8-44e7-8867-e2692e02f190,Crystal Stephenson,8119,477.5882352941176,17,5,1,0
8ef9e2f1-7683-4600-9479-5631b5df573d,Robert Hebert,14747,526.6785714285714,28,4,3,1
8f04dc00-46df-4c2a-a801-d3060f7a275b,Marcia Graham,10051,478.6190476190476,21,3,3,2
8f2df7e0-0708-4073-ae61-327d5c4e951a,Rhonda Dickerson,8503,447.5263157894737,19,5,1,0
8f4012e0-5a0f-4ef6-887f-c348acf10f1c,Alyssa Weaver,7677,479.8125,16,2,3,2
8f5ec432-5429-4c19-94de-b2319982c7d4,Kevin Wise,11783,471.32,25,3,3,2
8fa7df59-5f98-4cb4-8552-5f7ec3c70f13,Gregory Ryan,16539,501.1818181818182,33,1,2,1
8fdb7f6d-4d49-43a7-86b3-8b417d9c0cbc,Stephanie Perry,10932,475.3043478260869,23,1,2,2
9065c54b-e305-413b-add6-31a4e78292e4,Kathryn Hernandez,7802,458.9411764705882,17,2,1,0
907689da-f0c0-4781-bb20-f958f730d4fe,Alice Galloway,14966,440.1764705882353,34,5,1,1
90a64857-98bb-41df-afd5-e01a2b0501d2,Steven Turner,9858,469.4285714285714,21,3,2,2
90bf88f2-60fe-4741-96f2-8cd728291276,Austin Brown,10565,503.0952380952381,21,2,1,0
90c9c816-8ab2-4dce-82bd-ba5f6f06bede,Jacqueline Morris,752,376.0,2,5,2,3
9121bd2b-1d91-47df-9e61-d42d3589f7e3,Samantha Keller,14682,506.2758620689655,29,4,1,1
919194b4-960f-49e0-8e93-95b5683d9c0b,Connor Bennett,939,313.0,3,5,1,3
91ea5d72-1d40-45c6-a4cb-892ed1484ebe,Scott Taylor,13696,507.2592592592592,27,4,3,1
923bd22b-12f5-4630-ab02-29c386695647,Mariah Olson,14189,472.9666666666666,30,4,2,1
927a2ea3-ad46-4c7e-bc05-5e13c9c6d353,Raymond Osborn,7740,455.2941176470589,17,2,3,2
92a42e42-8ed9-4e46-9ef4-09f9d7059faa,Carlos Morrow,14355,463.06451612903226,31,1,1,1
92cf1336-cd2e-4592-8c03-7c820cc41148,Doris Welch,16072,472.7058823529412,34,4,2,1
92d5f1c9-9210-4769-ad2d-f83da37e378c,Justin Reed,11921,496.7083333333333,24,1,1,0
931e3614-5fb3-42a9-a893-79900f5a6828,Matthew Hess,12933,497.4230769230769,26,3,1,0
932be56f-c6d8-4d25-ab52-cb1b1900fc55,Benjamin Grimes,7848,490.5,16,2,1,0
934aa4c3-dcb3-4fae-a0a2-9e0546f840ee,Caitlin Anderson,8108,476.9411764705882,17,4,2,0
9369b71e-36ec-493a-a42e-41534de83cbf,Stephanie Jones,16545,472.7142857142857,35,4,3,1
93792167-a15f-4674-ad0d-383ec3e2e196,Jonathon Cole,17544,501.25714285714287,35,1,3,1
93a0a9ef-70d6-43b8-bd43-15d1e06ab8ae,Erika Taylor,15916,482.3030303030303,33,1,3,1
93ace85f-3e3a-4534-a611-970a3f707ced,Jonathan Fox,8480,565.3333333333334,15,5,2,0
93d40395-9017-4711-8566-793a92496b83,Norman Dominguez,9172,482.7368421052632,19,5,2,0
93e87cef-4d3e-4901-b6a8-4c29842becd1,Tonya Walker,13720,442.5806451612903,31,1,2,1
93f1f1e0-f9a9-4155-9d64-282dbc9fef15,Kathryn Richardson,12582,449.3571428571428,28,3,1,1
942aa537-2320-4860-973d-5173d79278dd,Jennifer Herrera,11889,475.56,25,5,3,2
943c953a-9774-4e9d-9f1f-2a4ad560c7ab,Laura Holloway,6951,463.4,15,1,1,0
94b4db52-82f3-4638-86f4-19b28cee8315,Brian Hill,17798,508.5142857142857,35,5,2,1
94c97915-363d-4db2-8cf9-f7ed59047192,Ashley Ortiz,10226,511.3,20,4,2,0
94d05938-44cd-4d19-8e5f-a913422e3cca,Amanda Gomez,8091,539.4,15,4,3,2
9521d878-2d9f-48c7-ab65-6884567b59c5,Benjamin Clark,8690,482.77777777777777,18,4,2,0
95224d92-d76d-4031-a2dd-e931114cec2e,William Chapman,11371,437.34615384615387,26,1,2,2
95539da5-1742-49fd-add5-09072ff90dfc,Carlos Hunter,10992,549.6,20,2,1,0
955f0ade-074f-4393-b25a-b570d0313e9f,Samuel Campbell,11996,461.38461538461536,26,3,2,1
95688b04-5fd5-4d61-a2bd-01918914565d,Lisa Ross,8868,466.7368421052632,19,2,1,0
959b918c-2a29-42c2-a73d-dd5cc91ce5e9,Carolyn Norris,11587,429.14814814814815,27,2,2,2
95ac62dc-dd42-4669-bd4e-fd05366dbdcb,Clayton Hill,7474,498.26666666666665,15,3,2,0
95ada078-5f03-4edc-8904-1b6c42ae8305,Kimberly Williams,10760,512.3809523809524,21,5,2,0
960f3e70-f522-4d2f-bc1f-522024b2a84f,Mark Martinez,7013,467.53333333333336,15,2,1,0
96238e52-c177-4aab-9c6e-d1ca3c9afd54,David Bennett,9041,565.0625,16,2,2,0
9637909a-d2ba-4894-b215-221a07ad0de7,Steven Rivera,10196,443.3043478260869,23,5,2,2
964fd378-9fd0-44a6-8be1-22fa8f0b6b26,Scott Mullins,11121,463.375,24,1,1,0
9663dbe4-4d93-4258-b8ea-4dbb6128053e,Diane Tyler,16899,497.02941176470586,34,4,3,1
96673557-d4cc-472d-8dfe-66152db70cac,Donald Bridges,11128,483.82608695652175,23,2,2,2
969734ae-ea97-4cf1-a93e-292045e192b6,Mary Robertson,9237,461.85,20,2,2,2
96f82fac-1970-4c03-8339-de0c2c962ef4,Caitlin Valdez,8249,458.27777777777777,18,5,1,0
971d9d2d-11ec-458c-ae0f-70dea961b5f6,Jessica Castaneda,9640,459.04761904761904,21,4,3,2
971f6cdc-22fa-4964-8bc9-4648dc7824f4,Amanda Jones,10423,473.77272727272725,22,5,3,2
97791bae-9f7f-457b-b8fd-f955db06c263,Julie Clark,13118,504.5384615384616,26,3,1,0
97d5488f-081b-4de1-84d9-aca83df5d318,Lauren Kelly,9917,450.77272727272725,22,1,2,2
97fb7aab-d3ee-4a52-b4d8-87cbd44d2da1,John Phelps,8638,411.3333333333333,21,3,3,2
98120be1-cd9f-44cd-ac21-e51b43881569,Haley Cox,10961,498.2272727272728,22,3,2,0
982e344f-5a30-4708-86f3-90cdfc18858a,Mary Nguyen,11637,484.875,24,5,2,0
9832a28e-deb4-4481-9ec3-9c0369107e37,Mary Mendez,12202,406.73333333333335,30,4,3,2
98847d12-abc5-4ba9-b9b1-4d153d214150,Amber Clark,15004,500.1333333333333,30,2,1,1
98c0224f-b76a-4518-ae4a-fdaf2a641dad,Paul Barron,8643,508.4117647058824,17,1,2,0
98d30c9b-59c0-4434-aaa3-eb0d8ba8abce,Robert Olson,17805,523.6764705882352,34,2,1,1
98dcde77-b2fa-43d6-a613-3206ed00316a,Andre Casey,8318,462.1111111111111,18,1,3,2
98fda998-a572-4252-9338-e6cc5108d6c6,John Bailey,1192,596.0,2,5,2,3
9907f1d6-c905-420d-9e2e-24110d7ee7ef,James Martin,18287,537.8529411764706,34,1,1,1
9919b0a1-e0d1-48c8-8768-36e69725424d,Michael Torres,8593,505.4705882352941,17,2,2,0
996c3bf5-0985-4cf2-a122-a2cddc621774,Katherine Riley,14930,466.5625,32,1,2,1
99a410c4-7939-45da-b36e-ddc84977d52e,Matthew Morgan,1558,519.3333333333334,3,1,1,3
99ad5b79-acff-45ce-80e9-8aea80897c95,Christian Jenkins,7982,469.52941176470586,17,5,3,2
99c43c15-49d9-43d9-ac73-06b949567b10,Alfred Thomas,8526,501.52941176470586,17,1,1,0
99ce1385-6ae1-4acc-ad15-354ff8a5d6f7,Ronald Warren,14838,449.6363636363636,33,3,2,1
99d27ff8-de63-4e35-9bc9-6b84074e871f,George Wright,11813,536.9545454545455,22,5,1,0
99ee2f43-f622-439c-b3a9-b17c87832c15,Sheri Roth,10934,497.0,22,3,1,0
9a2b2709-5da9-4e4d-95f3-7d4ae9c729bf,Katherine Reid,15962,550.4137931034483,29,4,1,1
9a5577f0-1787-4235-9bda-d270b061212e,Amber Bowen,17838,509.6571428571429,35,4,3,1
9abdd8c2-1764-49c1-afe1-f574293840fe,Mary Smith,13777,459.23333333333335,30,3,1,1
9ae9534e-9c07-4539-891c-bfcce7d4ff3b,Savannah Arnold,10808,469.9130434782609,23,2,3,2
9af08dc3-4067-404b-b4a0-a3e4ea418922,Kathryn Jackson,11442,476.75,24,4,1,0
9b016ead-f52c-4b53-bc93-f3bef9b2b10c,Tracey Hernandez,18360,524.5714285714286,35,1,1,1
9b4ebbe7-8143-4f3d-845a-7bed1128ea19,Paula Chandler,8348,463.77777777777777,18,5,2,0
9b7713f5-2197-4b99-9e14-56d8904377d5,Michele Hodge,11462,440.84615384615387,26,3,3,2
9b8588d7-4185-4a9c-82db-7ffe59cf08f8,Juan Walker,11782,436.3703703703704,27,5,1,0
9bba45f3-78cd-45bb-b413-66e6cbbb716f,Alicia Ballard,11582,503.5652173913044,23,5,3,2
9c1eef1a-cb8e-45b0-b418-c57f0240b7e5,Michelle Washington,6525,435.0,15,2,2,2
9c603463-f941-4ba5-89ad-0b120fbe2a07,David Manning,9023,451.15,20,5,1,0
9c725bba-b698-4cd0-82b0-e7380d9e7759,Kimberly Vazquez,8133,406.65,20,3,3,2
9c8cea12-bf89-4927-8f7e-499e48cec2a5,Mercedes Davies,6340,422.6666666666667,15,2,2,2
9c902b10-3893-42ae-89b4-da4bc5d96a6e,Billy Rubio,16782,493.5882352941176,34,4,2,1
9cac4a37-d8b0-458b-8aad-b2598385d3e3,Leslie Molina,16044,501.375,32,2,2,1
9cbc078e-ce91-43eb-bd13-c0cdced2c8df,Jonathan Davidson,8123,477.8235294117647,17,5,1,0
9ce67277-b21d-46db-851e-9b510b9e30e0,Pamela Maxwell,10457,454.6521739130435,23,3,3,2
9cf3ed5b-f19a-48c1-b660-4a26f38ed72e,Carla Coleman,13475,421.09375,32,4,2,1
9cf9d538-54e2-41f4-9b24-eedd8a8e47a8,Kara Scott,14774,492.4666666666666,30,5,1,1
9d167ecc-900a-41b2-9dd5-1983f09ed4e2,Carlos Lane,14621,471.64516129032256,31,5,1,1
9d1a3c93-dfae-4123-b989-8c3ac0e3ecc3,Zachary Hoffman,8778,438.9,20,1,3,2
9d2b111e-d1d1-4c25-9982-b9dea49a7382,James Phillips,12644,505.76,25,5,1,0
9d538e95-f695-476f-9ab0-87aebbb5d6fb,Stacy Fisher,12943,517.72,25,2,3,1
9d54b98c-14e9-4117-8fc9-869d845a4fce,Laura Spence,11280,470.0,24,2,3,2
9d804c3d-a4a4-4dea-940f-60c0d7b74419,John Sullivan,15043,442.4411764705882,34,1,1,1
9d9befad-6412-49c3-89d1-c0770bc27800,Patrick Kramer,13360,513.8461538461538,26,1,3,1
9dc2282b-b259-4048-a57a-84a2c88fe46e,Curtis Walker,11224,488.0,23,4,3,2
9de59691-a109-4460-8031-4b1e94babc89,Michael Thompson,8668,456.2105263157895,19,5,2,2
9df5dd63-3be7-4712-a8f4-5e8fa62c06e5,John Webb,1277,638.5,2,5,2,3
9df7a516-9b54-4461-9fb7-376f251c1cf3,Jerry Luna,10814,450.5833333333333,24,5,3,2
9e133745-17ed-4482-86d7-215c1818413a,Peggy Reese,10923,546.15,20,5,2,0
9e1bc5ba-c19c-4e80-bc29-97cb6ba09d4a,Gregory Glass,10895,518.8095238095239,21,5,1,0
9e313f83-24e9-4d1d-b375-c1c96dea1b8a,William Freeman,7653,450.1764705882353,17,3,2,2
9e728378-f32e-4e1b-a56e-c5104d8417f7,Joshua Perez,7459,497.26666666666665,15,1,1,0
9ea0f0cc-c8fa-4c20-b8b0-b5a0d5d33d72,Michael Robinson,1745,581.6666666666666,3,5,1,3
9eb9950a-0bfd-4ea6-a60a-4cb469c044bd,Jennifer Sanchez,6951,434.4375,16,2,2,2
9ec5700f-941d-450f-90a0-f38a5ec11d19,Andrew Richardson,9364,520.2222222222222,18,5,1,0
9eee1da5-4797-4384-8af0-6968d001e995,Margaret Hughes,14650,443.93939393939394,33,4,1,1
9f2df0b4-dce0-46e8-b77b-96403206cac6,Kelly Abbott,478,239.0,2,5,2,3
9f36f66d-dad0-4f0c-bc47-646917720a2d,Brandon Mills,8400,494.11764705882354,17,5,1,0
9f3d65b1-49e0-46b2-8a99-57137de7775d,Juan Yoder,8906,494.77777777777777,18,5,1,0
9f5e6180-2877-4c37-b062-79819fbd3fe8,Rebecca Mack,10209,486.1428571428572,21,2,1,0
9f6f6be5-f551-4684-91be-734298b74cf1,Timothy Ruiz,12887,429.56666666666666,30,2,3,2
9fb589c8-d65f-488e-b33e-428e969b6cd6,Rachel Park,13992,466.4,30,2,2,1
9fb66deb-131e-4a50-92ec-7800774efade,William Cordova,11663,466.52,25,2,1,0
9fc6b3f9-0089-4d57-9f50-90407f10ec84,Jennifer Humphrey,13404,478.7142857142857,28,3,2,1
9fcc6925-2f88-4f02-858b-efc0744c183a,Kayla Perez,11284,490.60869565217394,23,3,2,0
9fdf23e8-f053-4b67-a8e2-808673733e4d,William Schaefer,8047,473.3529411764706,17,1,2,2
9fe54c1c-2904-4f31-9ad6-f24c2e1bb1f5,Christopher Castaneda,15111,487.4516129032258,31,2,3,1
a01529a2-8a11-4e3d-9a28-f3d6a5708d5a,Kenneth Ford,11277,433.7307692307692,26,2,2,2
a04748ac-7581-436f-9f83-74e49b93ee6b,Denise Gallegos,10804,469.7391304347826,23,4,2,2
a0a22061-b48a-4383-83f4-540792c88a60,Courtney Smith,16789,524.65625,32,1,3,1
a0b1b591-af24-4c30-8cdd-1e31ce22962c,Amy Rhodes,9649,419.5217391304348,23,2,1,0
a0bb9600-8861-41ed-a92b-c5e83d88e1ab,Mark Hall,10142,405.68,25,1,2,2
a0f55c8a-8e41-48aa-96e2-33ff64a5c9b3,William Kim,12084,483.36,25,3,3,2
a0ff68a0-8779-4009-b8a0-30c95cc1b347,Melissa Ray,10954,476.2608695652174,23,2,3,2
a111d6f0-7c90-4bc0-9755-8175281868de,Laura Case,13086,545.25,24,4,1,0
a11df6fd-7804-4c93-a133-245c99cacdf2,Christopher Compton,16108,488.1212121212121,33,1,2,1
a122f941-ba43-40a5-a1fe-28bb00938fc5,Ryan Carter,8928,425.1428571428572,21,4,2,2
a129aee6-965b-468f-9f85-920f5a1dfd5b,Timothy Roberts,13910,434.6875,32,1,3,1
a1324167-56ea-41a4-9a19-053bdb057d12,William Lester,14436,451.125,32,2,2,1
a1529a87-ba1f-4dd1-b2e9-68bf2e0f2c2c,Stephanie Lane,10158,507.9,20,1,1,0
a1782b4f-cc13-4728-8271-b82e444c4c5f,John Stewart,10624,531.2,20,3,3,2
a17ef7bc-5a00-4c01-be28-613b90a5e81d,Stephen Martin,13879,447.7096774193548,31,4,1,1
a19e7679-db28-49b6-b11f-44fd4c9b6e81,James Yates,8814,550.875,16,5,3,2
a1cae212-a29d-40f2-a6df-7e7882151a95,Christopher Bautista,11554,462.16,25,5,1,0
a1ec5cf6-d265-41b3-a4d6-13a49c0a8f51,Michael Martinez,8957,497.6111111111111,18,5,2,0
a21c033b-1c6b-44bd-b9ad-95727a188fb4,Tony Bradley,8334,490.2352941176471,17,2,1,0
a21eb0d3-a335-424b-921d-923691545039,Molly Navarro,9994,499.7,20,1,1,0
a27350bc-8d58-4db6-bbf8-0da334d51c42,Robert Barry,10873,517.7619047619048,21,4,2,0
a27f0096-a6ec-4db7-a0b6-231e95621a95,Jason Martin,9670,483.5,20,1,1,0
a2cb0ec0-3202-43db-b2fe-88bff67ceefb,Nancy Peck,8040,472.9411764705882,17,1,1,0
a2ef46c9-4984-42d6-a223-e3134606fb57,Jason Lee,6749,397.0,17,1,2,2
a310ee6a-1f7a-4d8a-b2bc-e266c9e14e7e,Patricia Johnson,773,386.5,2,4,1,3
a31b931d-5357-421e-8c7a-421ecb00cf6f,Danielle Walton,7262,453.875,16,2,3,2
a3269770-94c7-40e7-bd0b-9086cabbf163,Alexander Hammond,10897,495.3181818181818,22,1,2,0
a33a4941-cb8c-4b0c-93ee-08ed95ce6693,Kelsey Thomas,8402,466.77777777777777,18,3,3,2
a3522b5b-5b7f-4f7a-98a5-740c83b8acef,David Brown,11308,471.1666666666667,24,2,2,2
a367cb43-42f5-4655-995f-681bb6eb55e9,David Wilson,13253,441.76666666666665,30,3,2,1
a3d6bbd3-14a9-4be5-b677-a015ecb68e84,Linda Moore,9391,469.55,20,1,2,2
a3d97332-f6ca-4aa1-a023-118bb35e74ff,Gabriel Schaefer,15890,481.5151515151515,33,2,1,1
a3e86fef-69e6-498b-b035-2ba04d12537e,Scott Morris,14993,483.64516129032256,31,5,1,1
a4049c9c-5d45-458e-ba64-c75631f4baec,Lori Gregory,13954,450.1290322580645,31,1,1,1
a4377ce2-d3f7-4f95-85a0-ba47640ce0e6,Dawn Brown,11185,559.25,20,3,1,0
a45aa294-65f2-4a46-95fe-7383c8eb35a0,Heather Hutchinson,7632,508.8,15,3,2,0
a467aa3c-59c5-461d-aee5-2ca6e11a8e3d,Tracy Meza,10647,462.9130434782609,23,1,3,2
a499369c-600f-4c95-8c4f-15b27de0781d,Jamie Soto,8672,394.1818181818182,22,2,1,0
a49f3d1d-a2cc-4d6e-9841-297a7c36781d,Jennifer Sandoval,11521,426.7037037037037,27,4,3,2
a4ac44ba-d0fd-46fc-96b7-cbb197bce11c,Anthony Murphy,9150,508.3333333333333,18,4,1,0
a4c83137-3ef5-46a8-91d1-2483bd35d93d,John Cole,10216,510.8,20,1,3,2
a5007a50-6ff0-492c-8811-bfb2979e6944,Allison Banks,10062,437.4782608695652,23,4,2,2
a520edfa-365f-4585-b36f-833d96fdc345,Miranda Carey,10907,495.77272727272725,22,5,1,0
a539da1d-97db-4cd3-98f0-40e4de45dbb6,Zachary Kidd,7976,443.1111111111111,18,5,1,0
a5576e2e-c773-4037-acc7-f1331577a7a5,Meredith Maddox,13676,506.5185185185185,27,4,2,1
a579a105-a7af-4d8f-8df0-e41e2e49a8b1,Elizabeth Park,8721,484.5,18,5,1,0
a58bd549-cf1b-44b5-afc1-81d961be3177,Melinda Shields,13379,477.82142857142856,28,3,2,1
a596d5b0-d812-4ca3-963f-bb41db247e15,John Wood,14178,488.8965517241379,29,1,1,1
a5a5bfad-18db-400a-953c-696823222c96,Richard Mcconnell,10659,532.95,20,2,2,0
a5a7adec-5810-4b03-9154-79e281be1071,James Atkinson,12114,504.75,24,2,3,2
a5c4b51a-cda6-4ec9-8e35-e63ba7a46741,Jennifer Townsend,9418,523.2222222222222,18,2,3,2
a5f80138-2d12-44ef-aa6f-f54480157696,Peter Oconnor,8702,483.44444444444446,18,4,1,0
a6003879-edaa-4a4e-a79a-d8e478a6aec0,Blake Johnson,9565,503.42105263157896,19,3,3,2
a6440173-87df-4ae2-bd97-a575293b710f,Madeline Glover,15517,456.38235294117646,34,5,2,1
a6b11b13-a4aa-4d35-8da3-0966a4d0c45b,Ashley Oliver,13287,474.5357142857143,28,2,1,1
a6f4a572-2ef3-4c2e-aefc-30640121cb89,Jesse Bradshaw,8754,547.125,16,5,3,2
a6fa0b16-7669-40da-9d57-6c88b93f0b23,Brad Cummings,13783,475.2758620689655,29,1,2,1
a703e8f3-9ffa-499b-a1e1-86c724c22606,Joseph Mckenzie,14697,506.7931034482759,29,5,1,1
a7077efc-0948-4424-a190-5ba160d6bdce,Mikayla Mason,9146,457.3,20,5,1,0
a71a159d-6876-4bce-a8f8-33bc7d3cbff6,William Short,7954,441.8888888888889,18,4,1,0
a73e1650-f132-4afd-8386-236dd8820d46,Chloe Ayers,11189,532.8095238095239,21,1,2,0
a74d9e92-ae80-47db-84a3-7d67b990da75,Jessica Young,9706,510.8421052631579,19,4,3,2
a7699a09-8d6f-42b0-bc81-28bb359b5357,Mary Martin,8962,448.1,20,5,2,2
a77c6909-50e7-4309-bfd6-103f5b5e7fd0,Christine Ramsey,15053,470.40625,32,5,2,1
a7b8f142-6b8b-4eac-bae6-5f57f113147b,Scott Mann,12448,429.2413793103448,29,3,1,1
a7c749d9-a29d-4d13-b327-d13bc21e8e62,Andrew Patterson,11132,463.8333333333333,24,1,1,0
a7e85683-6f69-42c3-95be-f323277c750e,Veronica Rocha,771,385.5,2,3,1,3
a7ea9c7f-91fa-4d51-a1a1-b9726a865670,Catherine Watson,11210,467.0833333333333,24,1,1,0
a82988f3-1072-485e-9c3a-663039bd92ed,Kimberly Baxter,7611,507.4,15,3,2,0
a83c52a2-f547-4fcd-aa6d-a193cb2866fb,Laura Todd,9747,487.35,20,3,1,0
a846c488-9a3f-4ca8-9cac-edde91bf1328,Sarah Garrett,8653,455.42105263157896,19,4,3,2
a87992c7-802a-4a38-9451-968124c4a5d9,Anna Jackson,12258,422.6896551724138,29,4,1,1
a8879e8b-368d-4bff-9b03-d699e21d684d,Charlene Gordon,14757,491.9,30,3,1,1
a912d7dd-4259-4601-a565-959acbff0953,Susan Rodriguez,14415,423.9705882352941,34,2,3,1
a91c7a41-981c-4ee3-ac0f-45a5e6740ed1,Jessica Vasquez,8436,421.8,20,1,2,2
a9204726-9d4b-41c4-bdea-c0e23fbe3c5c,Anna Salinas,11613,483.875,24,5,3,2
a92ca9e0-1e22-457b-b11b-008a864e050e,Katie Barajas,15971,456.3142857142857,35,1,3,1
a92ecca8-4b68-486a-8c7a-00003753544f,John Pacheco,8635,454.4736842105263,19,3,1,0
a95cc641-46af-4be5-ae63-b3603178b982,Ashley Soto,15666,460.7647058823529,34,5,1,1
a9740197-7659-4b8f-9470-80a4608c3608,Charles Rhodes,17001,500.02941176470586,34,5,2,1
a981eccf-4f37-4362-a091-8eae42c7c680,Scott Scott,9347,467.35,20,4,3,2
a98dffce-9c37-4e40-b670-90ec90880b2a,Daniel Kane,6628,414.25,16,4,3,2
a9e78d99-7593-41db-bde5-35ec8df458a0,Misty Fleming,14938,481.8709677419355,31,4,1,1
aa367e60-17de-4ac3-82d0-743333d449fd,Marco Smith,17012,500.3529411764706,34,2,3,1
aa46c674-fba6-4176-b387-6cd603b91d8b,Andrew Stewart,11704,433.4814814814815,27,3,2,2
aa8592ef-7370-4c10-9caa-27f57a56238c,Kelly Ortega,13089,436.3,30,5,3,1
aaaa5064-6b5a-48c5-92d6-420bb08ed13b,Carl Silva,1525,508.3333333333333,3,1,3,3
aaae9351-55c8-4644-932a-f0c454b9c1a0,Karen Barnett,12717,529.875,24,1,1,0
aac30ea8-5174-44d3-b103-8892e8bb630d,Robert Johnson,12684,453.0,28,3,2,1
aad74700-3fde-46a4-935a-7ed20fc0c5ed,Adam Miller,10419,473.59090909090907,22,4,3,2
ab21b441-6a1f-4c12-b96c-1601d6774fc2,Elizabeth Hernandez,10177,535.6315789473684,19,4,1,0
ab328f1e-368e-4106-a169-fc18d8930ed2,Jack Walters,9311,404.82608695652175,23,4,3,2
ab4fa334-9949-4f77-af06-2abe1fd4dc34,April Medina,12383,386.96875,32,2,1,1
ab662f00-8190-4fb0-9f79-e1d6f5fe7afe,Steven Anderson,868,289.3333333333333,3,4,1,3
ab6f336b-43a7-42d8-9bd0-f624b695ac23,Kendra Calderon,1296,648.0,2,2,2,3
ab7ae623-bb49-4943-9dbd-1dd76623e9aa,Erin Morgan,9312,465.6,20,2,2,2
ab8efba9-e14f-47af-aee3-9c033bd5f70e,Bridget Lopez,1438,479.3333333333333,3,1,1,3
aba0e7a7-5ef4-41c5-8c8e-e52f055cfc7b,Christine Rice,12872,495.0769230769231,26,4,1,0
abac5c69-7f23-49b3-bb20-f26d96d64796,Walter Bridges,10966,421.7692307692308,26,1,2,2
abbbe018-e0c7-4ec0-8596-7e9a0ae0b293,Kimberly Rice,13031,465.3928571428572,28,1,1,1
abc347d8-5bcf-470b-b2d9-300f78ad6bbb,Carol Jefferson,11173,446.92,25,3,3,2
abcbb48f-b8a3-426f-8c5f-76efbc3829c0,Diana Gill,15437,497.96774193548384,31,1,2,1
abd9026d-b0a5-4584-b406-63058e451c08,Kevin Mcgee,15381,439.45714285714286,35,4,3,1
ac0539f5-924e-4cd0-8c25-d4a957f6bf9f,Ryan White,15552,518.4,30,5,3,1
ac7322df-4b47-4af3-ab37-7b304310ab48,Charles Galloway,16147,489.3030303030303,33,2,3,1
aca37f3b-c4c8-46ca-b827-c0c282e44451,Brandon Ellis,941,313.6666666666667,3,5,1,3
acaa7e5e-d908-4641-8239-af6edfa02d9d,Amy Lopez,11171,429.6538461538461,26,3,2,2
ace75e42-e95b-4beb-9c5b-562d134c9309,Angela Gaines,13429,419.65625,32,5,1,1
ad0f3597-0aee-4b4d-be9b-7c5fed0398c3,Dave Reyes,6856,457.06666666666666,15,4,3,2
ad161f13-5ed0-4186-b156-f79d0fb68d9d,Stephanie Willis,10484,455.82608695652175,23,5,1,0
ad2a4bef-c845-4ab3-b7ef-6409ab288513,Kevin Hill,13031,449.3448275862069,29,1,3,1
ad4687b9-9465-4075-bcba-2b1162a81e6e,Brandon Rodriguez,13311,493.0,27,4,1,1
ad5e575d-6f07-4c9e-a45e-68ba7f35be0d,Heather Dickson,15848,495.25,32,2,1,1
ad5f2272-be9b-467b-966f-abbf917fb623,Christina Mack,7714,482.125,16,3,2,0
ad830383-f01e-4a70-aec9-f15b6569ff09,Sally Lopez,8665,481.3888888888889,18,1,1,0
ad913f20-1366-41ba-a19d-53c56b7f3b43,Karen Stevens,7264,454.0,16,4,3,2
ae408ba4-4e3e-47fe-808c-7f7f4123391f,Kara Santiago,13491,481.82142857142856,28,3,1,1
ae500cd5-1cd6-4bb8-b33f-83aa2a837ca1,Sheila Orr,12253,453.8148148148149,27,3,3,2
ae5a2c4e-4a02-4338-8702-f53cb2cbcaf1,Traci Bishop,6230,415.3333333333333,15,1,1,0
ae73882a-92c0-46af-8dc9-7f2f8bdaa74f,Amber King,7281,404.5,18,5,2,2
aedaa2df-395c-4d65-a622-d5ce3361a4a6,Michael Franco,11556,462.24,25,1,1,0
aee8cfca-87db-46d2-b391-e43201444ce6,David Allen,17362,526.1212121212121,33,1,1,1
aefd6b1e-55bf-4eaf-a289-daaa87706670,Melanie Reyes,14998,468.6875,32,4,3,1
af025a99-ec4c-489a-99c5-723840442c3f,Hannah Garcia,964,482.0,2,4,3,3
af047bc6-7be7-41d0-a147-e2c9d453229c,Loretta Howard,10714,412.0769230769231,26,1,2,2
af0b011e-97a6-4828-8541-f7f292d725b7,Brian Wagner,9977,399.08,25,1,3,2
af14b345-3671-4898-801a-937e4abc77b8,Todd Meyer,11955,498.125,24,1,3,2
af30e3c9-8591-46de-bf5e-e878ef34329e,Justin Grant,17918,527.0,34,2,3,1
af561ef8-6e56-44b8-a0f2-06ddfdd5b406,Joe Woods,14547,469.258064516129,31,3,2,1
af98c611-ae2c-48b1-9bd9-b1106d8a4844,Tracy Murphy,12443,478.5769230769231,26,2,2,1
afaaa1d1-77dc-4602-bdc2-95c2671ede81,Aaron Jennings,8370,465.0,18,4,3,2
afb3bf01-3024-4db5-8c75-d9cd6e0c4ffe,Morgan Allen,8816,489.77777777777777,18,5,1,0
afc6ed18-6abc-4072-bc63-809a716a1639,Stephanie Oliver,12146,433.7857142857143,28,2,2,1
afdaa779-7acf-4ab2-9f70-9acaab767b1a,Gail Brown,16202,522.6451612903226,31,4,2,1
afdc65e6-8168-47bf-a7a6-1d52b55574c3,Darrell Larson,9149,538.1764705882352,17,1,3,2
b035eb8f-e5b2-4666-8920-26676d843f98,Todd Novak,9797,515.6315789473684,19,1,2,0
b0459064-f7a9-41f0-a301-2a5e1609120d,Michael Shaffer,8941,496.72222222222223,18,2,3,2
b065186b-9246-4feb-8aa1-d4845adaf808,William Lyons,9419,523.2777777777778,18,5,1,0
b06e9c18-2542-496f-a9ff-3cd3131a766f,Diane Johnson,11965,478.6,25,2,1,0
b09e6260-1c31-4a39-88b1-4718a37252e8,Kevin Haas,7362,490.8,15,2,3,2
b0a8e5f3-7ca3-4084-b5b4-0aa81e6a7282,John Hayes,12807,457.3928571428572,28,3,1,1
b0bec2b5-c107-48ed-997e-9c82562e9075,Andrew Henderson,11870,474.8,25,5,2,1
b0c4ff7d-f7b3-40e0-8ced-779e378fd7f7,Melanie Brown,8820,490.0,18,3,3,2
b0ded163-8e2c-44f7-87c0-81c8f774da4d,Dawn Smith,13669,525.7307692307693,26,5,1,0
b1051b45-ff02-408f-bb8c-92b6611f659d,Thomas Park,9189,459.45,20,2,1,0
b11dff27-27cc-4b5f-b628-39ac0ae923b5,Patricia Henderson,12045,501.875,24,3,3,2
b1205bef-b607-4b01-9a02-06bacdba875b,Jonathan Cook,11589,503.8695652173913,23,2,3,2
b12ee20b-2b82-4b5b-9bc8-b4015a0b441a,Judy Price,9707,510.89473684210526,19,5,3,2
b1699772-2c7f-43ad-a043-9f8582432dca,Cynthia Kennedy,13575,424.21875,32,2,3,1
b19577d2-7560-466d-90ce-62e6277013e8,Brittany Conway,7980,443.3333333333333,18,2,1,0
b196f8f2-a41f-450b-bef8-4831de113d09,Brittany Brown,8746,380.2608695652174,23,5,3,2
b19f26a9-522a-401f-b7ed-bdfe89d05eaf,John Ferguson,12217,452.4814814814815,27,2,3,2
b1a15c27-84a0-488e-88f1-b9cc4ef2c1b2,Christopher Hopkins,10529,438.7083333333333,24,3,2,2
b1a1a1ed-10ca-4907-93a8-9f43a5d89ed0,Brian Bell,6734,448.9333333333333,15,4,3,2
b1e1956f-70cf-469e-a4e5-a80c078f34a1,Carlos Cantu,7344,432.0,17,4,1,0
b1f8517a-b869-4e06-8b12-2f92288a5109,Holly Clark,12064,482.56,25,4,3,2
b2111976-8e3c-4d39-809c-b5937acdd146,Jessica Perez,7583,421.27777777777777,18,2,1,0
b223875d-ea0c-420a-8dbe-59dc42f28eb7,Aaron Sanchez,8878,467.2631578947368,19,1,3,2
b267e252-bc36-4817-ac07-e1f07ce173d4,Amanda Johnson,10358,517.9,20,5,2,0
b2870368-ab65-4bea-bc50-052bb41cacc6,Paul Russo,11991,479.64,25,5,2,1
b2adaae5-c362-45f7-8b67-69f870755642,Rebecca Long,8033,446.27777777777777,18,3,3,2
b2ecdfe3-1f09-4f3a-b955-14b55dfa26ea,Frank Meadows,13961,410.61764705882354,34,1,3,1
b2fb4745-c4e5-40f5-8d97-526de1d25c4b,Cynthia Johnson,1513,504.3333333333333,3,4,3,3
b31f113b-afdd-4355-b447-64da974445a1,William Shannon,7843,490.1875,16,1,1,0
b3201ffc-d21a-47a4-bec2-8c0ee8e4380c,Michaela Carroll,7493,394.3684210526316,19,5,2,2
b33b4dec-5054-43c4-a991-f69f32442b93,Jonathan Morgan,13142,423.9354838709677,31,2,3,1
b34f4a4c-0b31-4f00-bc67-19d20a92eede,Charles Marshall,14792,493.06666666666666,30,5,3,1
b3691ae6-a183-45a5-8e02-b1f4eb2006af,Dana Chung,6318,371.6470588235294,17,4,2,2
b3ce178d-432b-467f-88a2-c5da90e3133b,Elizabeth Campbell,8409,467.1666666666667,18,2,2,2
b509f720-495e-40ea-a8bc-6be4eace22dc,Robert Smith,7679,511.9333333333333,15,5,2,0
b542fce5-de2a-4030-87ac-2638d5f94818,Stephanie Gonzalez,9965,369.0740740740741,27,5,2,2
b5b08c71-0530-48e6-908a-9dc8d605458d,Matthew Hill,8320,462.22222222222223,18,3,1,0
b5cfafa5-38c0-4f07-b3dc-aaf4ed3898ba,Jerry Kim,9446,555.6470588235294,17,3,2,0
b5f0a7e7-85b7-45ae-9324-51ab1d05404b,Nancy Duke,12493,462.7037037037037,27,4,3,2
b628f240-343f-4e34-9325-ec2a8f356a05,Sarah Thompson,12674,452.6428571428572,28,4,3,2
b69cb89c-384e-41e2-8caa-30a597f1c06e,Gabriella Spencer,1348,449.3333333333333,3,2,2,3
b6a78550-3642-49e9-828f-74f86c8fa6d1,Angel Davis,11362,516.4545454545455,22,1,1,0
b6b65202-d1e8-42bb-8762-22dfe657828d,Karen Key,9267,487.7368421052632,19,1,2,0
b6c609a5-e107-43fe-ab6a-f1a0d922d3b8,Jackson Rodriguez,12649,468.4814814814815,27,1,2,1
b6dc69cf-ec03-4910-89aa-5230686eeee1,Jennifer Collier,8133,508.3125,16,5,3,2
b6e5979f-6ed6-4e33-a50f-981a7637b212,Melinda Norris,8144,479.05882352941177,17,2,1,0
b7502587-286c-4312-9bc8-5caf8de3c8ae,Derrick Hanson,13070,450.6896551724138,29,2,1,1
b762f48e-5f81-477e-9743-d452548ea94b,Billy Green,11391,517.7727272727273,22,2,1,0
b76dfb71-8aed-4c8b-84cd-d0c005b2456c,April Hughes,8210,482.9411764705882,17,1,2,2
b78d9ecf-aeb4-482f-a9fe-4c23b881c9f5,Matthew Mora,13714,442.3870967741936,31,3,1,1
b791cc0a-b106-4871-8057-50b6be15840d,Larry Jordan,12493,430.7931034482759,29,3,1,1
b7cbc0b1-f884-468b-aae3-40a233a4b6a0,Deborah Taylor,9275,463.75,20,3,3,2
b8125e43-ee7b-45a4-a5c4-10a5ce9ecb4e,Sandra Leblanc,14354,512.6428571428571,28,1,1,1
b8180c74-b691-4da9-9b25-48b3bc0ca0c3,George Nguyen,7294,429.05882352941177,17,4,3,2
b8313ad3-93c9-4696-971f-f7e27c817318,Vanessa Morales,13742,490.7857142857143,28,3,3,1
b866a009-25d3-4a5c-8310-53465df6ddbe,Justin James,9254,514.1111111111111,18,5,2,0
b8a751de-102f-47f8-96ea-a0c314d176b8,Diana Livingston,7561,444.7647058823529,17,5,1,0
b8b814f3-858f-44ee-b943-3f13fb6b6281,Daniel Miller,12497,446.32142857142856,28,2,3,2
b8c53187-e03d-4b49-898c-50243a201d48,Clifford King,6032,402.1333333333333,15,3,2,2
b8de4927-08a5-477c-bc26-cf408883f004,Kelly Wade,6505,433.6666666666667,15,3,1,0
b8f32d65-6eec-48b2-ab12-70dba39c32a4,James Kelly,14254,459.8064516129032,31,1,1,1
b91f2ee2-a407-46b8-afd9-64b0df851c77,Amanda Colon,9242,513.4444444444445,18,3,3,2
b936ee96-8632-462a-ada6-9d4d533b434d,Rebecca Turner,6824,454.9333333333333,15,2,1,0
b97d760c-08e1-4e81-8335-d9a57c1ab1a7,Jason Farley,11660,431.8518518518519,27,3,1,0
b98f8536-1f17-4ee3-b803-345874ec9f76,Tracy Phillips,8580,476.6666666666667,18,2,3,2
b9a9b600-777c-49e9-9a37-c2371bb8c4e7,Bryan Willis,15183,542.25,28,5,2,1
b9b3cd17-1a6a-4cff-ba28-63cc8abeb791,Danielle Williams,13172,454.2068965517241,29,5,3,1
ba0590d4-540f-498c-82a2-2585c0238075,Michelle Walker,9154,457.7,20,2,3,2
ba3c1351-1299-4e46-b9cc-1c94b08ec5cd,Samantha Adams,9235,439.7619047619048,21,3,1,0
ba58a0ff-6ef8-4870-8695-cfe007894213,Stephen King,15702,475.8181818181818,33,2,1,1
ba66b7a2-8cda-4495-a021-6ebb5f4b9703,Charles Young,11268,489.9130434782609,23,2,1,0
ba6b6ac4-c270-4f11-8f1e-68656367701d,Amber Ramirez,10373,493.95238095238096,21,5,3,2
ba7dc998-391b-42ef-87e8-e7baa4aaa22a,Brian Young,6902,431.375,16,2,1,0
baa33748-f12a-4ef6-979c-9b18902b1c1d,Matthew Burton,8760,417.1428571428572,21,2,3,2
bab4920a-9bdc-41c8-90fe-924015961032,Todd Bell,6846,427.875,16,1,2,2
bacc2424-397d-47c9-a3b7-8fae7a132895,Stephanie Hopkins,14207,507.3928571428572,28,3,3,1
bb312740-7110-4a53-a9db-1627e7ae05a7,Michael Stephens,13906,421.3939393939394,33,1,1,1
bb474d83-e0bf-4b9d-8be1-a581e6a4b6ec,Tim Holmes,15022,469.4375,32,5,3,1
bb7e0e50-79bb-48d8-b944-78966089a1d8,Anthony Nguyen,7747,455.7058823529412,17,5,3,2
bb833c4f-f25c-4d3c-a564-6d194e7e0012,Wayne Jones,8908,468.8421052631579,19,4,1,0
bbf27be0-afe3-4eb4-98e8-d2353663cfcf,James Lloyd,9180,510.0,18,5,2,0
bc06630f-c14f-40f8-b3c4-ea0cf6be52ba,Pamela Delacruz,8966,448.3,20,2,3,2
bc4112a1-243e-4cd6-afa1-931a9c2c1325,Daniel Ray,10593,529.65,20,4,1,0
bc4b2336-885d-435a-8ab1-3898b1645273,Andre Gomez,10627,442.7916666666667,24,4,3,2
bc5e9a14-ab4d-4fc7-9fd6-dabafd1e167a,Patricia Morris,15020,556.2962962962963,27,3,2,1
bca47744-49a0-4af6-b27f-ab81366ff1dc,Jennifer Ortega,15047,485.3870967741936,31,3,2,1
bcdbe566-8534-400b-ae75-e56f008b1db4,Aaron Casey,14521,500.7241379310345,29,2,1,1
bcea157f-f45e-442b-ae81-b447e258bf2f,Gregory Brown,15750,525.0,30,3,1,1
bcf792e1-8985-42fe-93f3-cf64f4e6f438,Michael Moss,11738,469.52,25,1,3,2
bd0b9362-ca1c-4565-af1c-b574adb9b006,Brett Smith,17392,511.52941176470586,34,3,3,1
bd0d0386-ff02-4fb0-9394-847efa271303,Cassandra Morgan,10130,506.5,20,3,1,0
bd0fa4bd-f1fb-47a4-ba95-a5c46309e613,Devin White,14415,465.0,31,2,3,1
bd2c80cc-227c-4521-b8ab-e854ad384c42,Daniel Wilkinson,14109,503.8928571428572,28,3,3,1
bd45bbeb-46c1-4413-ad6f-d7c3a983b38c,Nicole Copeland,9608,505.6842105263158,19,1,2,0
bda8a225-e102-45b3-8e95-8ac1288f3d4a,Douglas Hayden,14082,440.0625,32,1,1,1
bdf4dee3-f13a-42cd-aa1a-fd27fb49e2ad,Tammy Hill,17851,575.8387096774194,31,3,2,1
be0951ea-ea04-40d1-8263-a716991dd859,Deanna Barrett,16922,483.4857142857143,35,4,3,1
be0d7c38-de79-41da-9608-1da42edb5943,Thomas Ross,10309,515.45,20,3,1,0
be483ed6-a35a-4be3-8770-b2e5c6e9fa28,Ryan Murphy,12906,496.38461538461536,26,2,2,1
be63cf09-ced1-4ba3-8441-ad7f90b68307,Andrew Weaver,8435,421.75,20,2,1,0
be80724d-0551-46b7-9c5e-faa1124fbb6d,Gary Scott,8848,442.4,20,3,2,2
be93539d-00d1-459c-82ec-5f4cedffda65,Peter Johnson,9144,481.2631578947368,19,1,2,2
beb5338f-997d-4081-936c-a3148fd07e5c,Robert Wagner,8994,473.3684210526316,19,2,1,0
beba6d77-2746-44cb-9115-442af30be195,Deborah Hooper,12427,428.5172413793104,29,5,1,1
becaf540-6bd5-4392-8976-57e1ccc2a0d3,Seth Campbell,965,482.5,2,3,3,3
becf4ec6-9db3-4aa3-aa0d-cb032556c1fb,Danielle Jones,12447,541.1739130434783,23,3,2,1
beea4c63-dfd7-4603-b9d8-ec530af98c11,Erica Taylor,1290,430.0,3,1,2,3
befa5b7f-8fa5-462b-afc3-3dba0e8000c9,Bailey Lucas,9154,481.7894736842105,19,1,3,2
bf29a6b9-700c-457b-a038-5fb689a2ef2a,Robert Ellison,11786,491.0833333333333,24,4,1,0
bf4763a1-bc6d-4a4f-9142-ebd70ca52418,Cindy Koch,13306,429.2258064516129,31,1,1,1
bf4a42d5-8e88-4728-a99e-aeefc91ea28a,Brian Burch,8422,443.2631578947368,19,5,1,0
bf987358-1a34-4ef5-a0f7-b6d73e27fd09,Randy Lozano,7208,450.5,16,5,3,2
bfc7f96a-0536-4a55-a800-ef0234e2bf4c,Michael Jackson,15695,506.2903225806452,31,4,1,1
bff02dfe-5389-4330-bc47-5871bd618812,Joyce Maldonado,14868,550.6666666666666,27,4,1,1
c004d851-2dc4-485a-baa3-9a9e44751a2c,Lisa Li,7946,529.7333333333333,15,2,1,0
c00c535b-18c1-40e9-a77d-7328adedd9e9,Jonathon Ortega,17444,545.125,32,2,2,1
c04b6345-927e-46ac-8e34-09658f18ee34,David Wheeler,14322,493.86206896551727,29,2,1,1
c07b6f10-0a74-4c9e-bb28-a0a69f8bd1d1,Shelly Maxwell,15869,495.90625,32,3,2,1
c083e157-8020-4908-86a7-9b697f67ebb2,Jacob Stevenson,10969,476.9130434782609,23,2,1,0
c0a60f87-fe47-446d-b0cc-22fc14f0f3e9,Jeffery Martin,9828,468.0,21,4,1,0
c11de772-c0c8-46b1-a39e-e8e0f8b7317a,Frank Santos,8893,494.05555555555554,18,5,2,0
c14a6db3-7da9-45de-8432-409f5dce336a,Christopher Reed,688,344.0,2,3,1,3
c175cc75-0e0d-4ed5-9b38-9b9b1bfec567,Matthew Lewis,14321,461.96774193548384,31,5,1,1
c1b60a82-1a32-4da6-8139-86da295427ec,Michael Hinton,10155,507.75,20,1,2,0
c1dc90fd-e3e7-46d3-831f-8d61f26f4cf3,Stephen Johnson,8641,375.69565217391306,23,2,2,2
c1e8d27c-5d08-4dee-999e-ba40c09d28ba,Adam Green,8717,512.7647058823529,17,5,1,0
c20542b0-a3d2-45ca-a121-f6296ef5ae6a,Laura Erickson,10317,448.5652173913044,23,1,3,2
c23cc544-5659-43b7-88d4-93de261ad429,Brandon Whitaker,11263,402.25,28,2,1,0
c23e3d8d-7db3-4cc1-a4da-87a87209c30f,Theresa Kelly,10193,509.65,20,1,1,0
c24c89d1-518c-4398-a2ee-b56dc67ef2cc,Joshua Browning,11818,472.72,25,2,3,2
c2621d77-c50a-489e-8458-e08bd895e046,Marcus Sanders,14144,456.258064516129,31,5,1,1
c2832902-096d-4cc7-b00e-287be79d00fd,Amanda Mcdaniel,7418,412.1111111111111,18,1,1,0
c2929836-84e2-4733-8c65-1035d01c588a,Christopher Smith,8132,478.3529411764706,17,2,1,0
c2e3004c-02c6-4c4f-a4ee-ed2eba95b192,Caitlyn Jackson,1148,574.0,2,1,3,3
c2ec2419-cc6d-4697-a51c-9a3135086963,Craig Hamilton,7236,482.4,15,4,3,2
c2fb786b-7820-47e5-b2f6-0f8138c74ce6,Luis Stewart,8576,504.4705882352941,17,2,2,0
c32d3380-a6b3-416e-a283-8f7854443d50,Rebecca Todd,13219,508.4230769230769,26,5,1,0
c36f0ef4-9639-4852-a94b-849c94e30893,Kelly Castillo,11690,449.61538461538464,26,4,3,2
c38240bf-f5f0-4643-ba26-3ba9f62f78cc,Melissa Tran,10715,446.4583333333333,24,2,2,2
c382a45a-acd9-497d-bfe5-1d12336590c8,Jennifer Bartlett,6204,387.75,16,3,1,0
c383ed1c-0bbe-4d78-a57d-caa21d3b1d16,Anthony Anderson,6291,370.05882352941177,17,2,3,2
c3cd7028-227d-47f8-97ed-054b534a3cdf,Bethany Larson,6508,433.8666666666667,15,2,3,2
c3d56892-a1d8-4e7e-ac22-ac8753436dd4,Blake Johnston,13141,453.13793103448273,29,2,2,1
c41955f5-9513-4e99-b07f-552300997897,Jack Davis,10821,541.05,20,4,3,2
c437d10f-face-42e3-b790-fa781b90e6ba,Marc Murphy,9213,460.65,20,1,3,2
c4495c78-e487-465d-aa86-f3e6036910e3,Patrick Bates,15413,497.1935483870968,31,2,3,1
c46770fa-5748-4e2a-bd83-c325ed7000aa,Troy Bennett,14330,447.8125,32,5,2,1
c469624a-637b-410f-b10e-629a7022cd1a,Stephen Horn,15939,483.0,33,5,2,1
c47f2645-9cd1-40fd-9b3f-8f4000964adb,Jonathan Allison,11256,432.9230769230769,26,5,3,2
c494576f-5cbc-4050-a27a-61e5b36b75e4,Tanya Norton,7757,430.94444444444446,18,4,1,0
c4c2dd39-8e09-422d-b376-addf54c392bb,Megan Odonnell,9344,467.2,20,3,2,2
c4c797d7-45c1-4b91-b1cf-845ba9e6919a,Walter Byrd,16047,458.4857142857143,35,2,3,1
c4fd8158-0bb9-457e-9f57-48ae864c4b70,Leah Guerrero,2013,671.0,3,3,2,0
c5496821-6d6a-4413-9943-a7b5cd2d9d28,Amanda Arellano,7867,437.05555555555554,18,4,1,0
c57f9b60-da69-4788-ac32-f3412e486c1f,Paul Hayes,7483,498.8666666666667,15,5,2,0
c58bfeed-2f46-419f-865e-7fbf8d44525a,Kayla Grant,11102,555.1,20,5,1,0
c59d7218-625c-4008-b959-57665a433f6b,Tammy Green,8516,500.9411764705882,17,5,3,2
c5c1f02c-e225-4743-9687-5711d1000211,Julia Bradley,10410,452.60869565217394,23,5,3,2
c61df8a4-9549-4b87-9830-b7914e71bf36,Jeremy Brown,9968,553.7777777777778,18,2,3,2
c6255c8f-5647-4158-9509-a6aa4b3a25c6,Miguel Webster,10294,514.7,20,2,2,0
c63461dc-b70f-4e71-86b7-bc44b5b1c055,Thomas Ray,7244,482.9333333333333,15,5,1,0
c672efb2-4938-40f7-8a3d-4e3c57da2858,Kerry Green,16799,509.06060606060606,33,1,2,1
c69bf53d-4765-4217-9309-0fbcaccbfdca,Jerry Weber,17319,494.8285714285714,35,4,3,1
c6a00161-86b7-44f6-b088-57742be3b16a,Amy Garcia,12031,445.5925925925926,27,5,2,1
c6a440d4-ce48-476e-9ab2-41a32aa8ddcc,Michael Davenport,10101,505.05,20,4,2,0
c6a5ad51-3fb2-4b57-b672-f70d296ecddf,Stephanie Richardson,9772,444.1818181818182,22,4,2,2
c6c0c2b8-8ce4-4ea7-9f10-2410eb7bd26e,Savannah Robbins,13453,420.40625,32,1,2,1
c6e12252-fd03-417e-8d02-77a7a3795b99,Tina Hale,9721,486.05,20,5,1,0
c6fd010e-42bf-4835-9651-d52379fc9ffe,Angel Anderson,14419,450.59375,32,3,2,1
c709e9c7-cad6-4ace-add6-416b3854f383,Scott Washington,411,205.5,2,3,2,3
c70a5850-749e-4aec-81b3-b3ecbfb9e920,Charlotte Stokes,16990,514.8484848484849,33,5,2,1
c70fd9af-a1fb-4cb5-a531-3a204e9715b5,Rebecca Jordan,13069,484.037037037037,27,1,2,1
c710a691-e490-4ec0-acfd-6cd9d64147b7,Benjamin Mora,9410,448.0952380952381,21,5,2,2
c7342c85-c153-4838-a3dc-860bf7afe3e8,Jennifer Richards,13314,459.1034482758621,29,1,3,1
c74efb57-bd66-4095-a1c9-2c13e72ea47f,Amanda Hill,16394,468.4,35,1,1,1
c7627650-238f-468c-a4ce-be81d2e99dbd,Matthew Cooper,11094,482.3478260869565,23,5,1,0
c7801749-d138-40e7-8599-d921fb78655e,Kimberly Rose,14315,433.7878787878788,33,1,3,1
c7c73f51-10f9-4b5b-a045-d8e47a0912d8,Matthew Thompson,10606,558.2105263157895,19,5,2,0
c807a3f2-6396-4d88-b805-bffbca59c273,Anthony Byrd,12182,468.5384615384616,26,1,2,1
c821bbf2-c10e-470f-a7aa-f1f69b2e3a7c,Robert Brown,14632,457.25,32,4,1,1
c8347acf-1aa9-4f56-b8bc-330fa57224ab,Jeffrey Jones,1122,374.0,3,3,1,3
c8420f54-dbd9-4558-9b75-c75c1ad48bb0,Kevin Roberts,1704,568.0,3,1,3,3
c843431a-f06e-4c15-8949-44873930894f,Joseph Willis,10603,530.15,20,3,2,0
c852fe63-d58f-439f-86e9-59008c5b099e,Carol Mahoney,15058,519.2413793103449,29,4,1,1
c85c27ac-4ee2-412c-baae-ed53f43c2de2,Eric Maynard,8643,454.89473684210526,19,2,2,2
c86158d9-0d4d-43c3-aa10-b4770a3bb447,Sarah Mcgrath,7116,474.4,15,2,1,0
c88b5fdd-4fa9-4821-a021-a9a305ae1056,Megan Davis,9941,473.3809523809524,21,1,3,2
c898ae70-6be9-4afc-afa3-e68e05273a2b,Yesenia Bentley,9955,414.7916666666667,24,2,2,2
c8bbdbe3-2ec4-4022-84d3-5ce987ea5daf,Zachary Miller,12537,464.3333333333333,27,1,3,2
c8cff5a9-b882-4a19-8f8b-aadf5286496b,Molly Edwards,15946,498.3125,32,5,3,1
c8ef3d83-99e6-4c96-90f0-e511691966f7,Laura Hart,13781,510.4074074074074,27,2,1,1
c90833c0-4806-48ff-94cc-8b429bd9bd7a,Robert Hernandez,12480,499.2,25,1,2,1
c94fe392-f599-4472-bd86-a03198364465,Darius Thomas,14306,420.7647058823529,34,5,3,1
c9a355bc-4118-4d99-853b-7e277e0e41c9,Melanie Martinez,11001,478.3043478260869,23,4,1,0
c9e04776-af47-4fe6-8dc9-65d596100bb8,Christopher Mccormick,15504,456.0,34,5,2,1
c9ec84b2-9547-410f-847b-ea0908abf47f,Maria Moore,16394,468.4,35,3,1,1
ca0b39d8-bd83-41a0-bf9c-c83600f25c04,David Simmons,15326,494.3870967741936,31,5,2,1
ca262697-6aa1-4d73-b418-583213cdd4e1,Timothy Williams,11746,469.84,25,2,2,2
ca29c124-866f-4f09-b5f9-03885f5babb9,Roger Hopkins,11004,478.4347826086956,23,2,1,0
ca44a151-be76-4e2f-9f44-8d30b4c8fd40,Alexander Thomas,7778,486.125,16,3,2,0
ca743936-b8a9-4592-a351-b1b7c6578ac6,Mark Smith,8181,389.57142857142856,21,2,3,2
cae7106e-d5d3-4d7e-9254-91fd198b8933,Holly Ortega,8613,478.5,18,1,3,2
cb100999-f86f-44b6-96e5-b74ecae88737,Michael Rhodes,7745,455.5882352941176,17,4,1,0
cb27667e-2ebf-454d-927b-01295d0b52f9,Maria Duran,7792,458.3529411764706,17,1,2,2
cb474fef-8992-4bca-9874-c4ddbf18e5ba,Daniel Hines,9109,433.7619047619048,21,2,2,2
cba0f848-bbe4-482e-bfba-7a77f6bf6646,Nicholas Myers,10496,477.09090909090907,22,4,3,2
cba45ba3-72a6-4c86-ad93-6d225f4700aa,Samantha Boyer,14235,459.1935483870968,31,1,3,1
cbb2c2e8-a23d-4c73-92d9-f4f8d2bd2319,Lauren Griffin,7707,385.35,20,1,1,2
cbc604d8-d1cd-414f-b43c-a207b27ba22c,Christopher Brown,10586,504.0952380952381,21,2,3,2
cbf5fb99-7c6d-49b3-bcc7-08b025dfa0d1,Gabriella Taylor,9676,483.8,20,2,1,0
cc482931-609d-48ae-9eff-a73c58fa2e37,Christopher Stone,11902,440.8148148148149,27,2,2,2
cc61581c-5408-4783-852c-ceb792d94461,Michael Harris,9345,467.25,20,4,3,2
cc69a3b5-489a-49de-9a36-1d9d8eeb3a71,Vernon Morgan,9322,490.6315789473685,19,2,3,2
cc80dd2c-7239-4612-84c8-40f9e131a70c,Ryan Green,5815,387.6666666666667,15,1,1,0
cc99978a-329c-4a17-bb42-7ec97b74a9cb,James Barker,14125,428.030303030303,33,4,2,1
ccae97b6-bc2c-455e-9236-f902353fbf5b,Gregory Olson,11065,481.0869565217391,23,2,2,2
ccc54d79-fa45-4eca-af0a-b54933ad9e9f,Christina Evans,9719,539.9444444444445,18,3,1,0
ccd04e1e-57d4-4ebe-b194-e403e7fa4ed2,Paul Burton,7292,486.1333333333333,15,3,1,0
cce41020-05d5-4452-bb45-35a4203cb747,Paul Brown,12342,536.6086956521739,23,1,1,0
ccf11c74-e93a-4600-b665-68e5f7f9da25,Victoria Collins,9358,425.3636363636364,22,3,3,2
ccf55cda-2fbf-4629-a215-31f0bbac2c9b,Susan Smith,6811,454.06666666666666,15,1,2,2
cd7d18b6-31b2-4362-81e8-fb6a08ea6745,Joyce Woods,10769,538.45,20,1,1,0
cdaad357-34df-4a9d-8cc0-e166d2654a7a,Ashley Hebert,8979,448.95,20,4,2,2
cdb93205-62e7-434d-baba-fda00c7680e6,Brandy Lopez,6922,461.4666666666666,15,2,3,2
cdc1dd97-2cb2-40dd-a789-6e0f9adfd03a,Daniel Scott,7525,442.6470588235294,17,2,2,2
cdcfab01-aab3-4c54-a130-019575e98add,Alan Abbott,10573,556.4736842105264,19,4,1,0
ce2087b2-3929-4186-aa1a-d382ea512fae,John Jones,9651,482.55,20,2,3,2
ce211790-cf19-47e6-bdc0-c072b4cc9d54,Jennifer Pierce,9631,437.77272727272725,22,1,1,0
ce25e312-a345-4cd4-8b9f-c428baa270e8,Michael Little,6242,416.1333333333333,15,1,1,0
ce3c2916-59c0-471b-96da-f857a648ac1a,Jacob Edwards,8754,486.3333333333333,18,1,1,0
ce681af8-71cf-4abf-958b-95559c3889f1,Bianca Bullock,15423,453.61764705882354,34,1,1,1
ce6b1187-f07d-4be6-8974-5f2f07292b6a,Jeffrey Newton,1058,529.0,2,5,3,3
ce913d74-b744-413c-8832-facbab62256c,Amber Williams,10038,501.9,20,1,1,0
ce951884-bff1-4398-867b-8145e78d25da,Neil Williamson,11476,521.6363636363636,22,3,2,0
ce99cc30-9478-4212-a40a-69c6ee336dd7,Kristen Golden,9499,558.7647058823529,17,5,3,0
cec3e791-da31-4a9e-9247-9ce26f557c38,Dwayne Blair,14390,436.06060606060606,33,2,1,1
ced3c56d-d218-4429-a50f-3cb41af028d6,Vickie Fox,15004,484.0,31,1,3,1
cf145564-2f9e-4b33-af9b-b00fc0dea6c4,Erik Garcia,1564,521.3333333333334,3,2,2,3
cf4cdc7b-768c-4ae2-ac85-35c6c28148ec,Tiffany Taylor,8016,471.52941176470586,17,5,2,0
cf57dc6c-144c-4186-9239-234b73974baa,Elizabeth Thompson,11302,491.39130434782606,23,5,1,0
cf5c76f5-9706-4464-b46f-4b6f853de886,Jill Stewart,10012,500.6,20,4,2,0
cf73e10e-3f71-4f04-ab8d-5396dcf49a2f,Joseph Reynolds,11001,423.11538461538464,26,3,1,0
d0025785-6d05-404e-8828-a939ffefa714,Gina Lawrence,9394,469.7,20,1,2,2
d031584a-fe0e-40fb-83a6-3df2d3aaa4fb,Michelle Jimenez,7468,466.75,16,2,1,0
d0338c3a-b9e7-4bcc-b1c9-635be60053d0,Susan Moore,9276,515.3333333333334,18,2,1,0
d0398941-5a3e-490c-b3ed-91764f41a3c9,Jesse Green,8544,502.5882352941176,17,2,1,0
d0673a99-d7ab-44ca-8e85-f7254cf59d3a,Steven Robinson,12383,495.32,25,5,3,1
d08250b4-b3d9-4846-9aef-459af3cb1135,Sarah Sloan,9075,412.5,22,2,3,2
d0a73205-fd69-4997-8000-3e901219b4f2,Julia Stokes,8082,475.4117647058824,17,3,1,0
d0a843ce-0179-4635-8917-963fa44ebaf1,Justin Pierce,739,246.33333333333331,3,4,3,3
d0c3d899-de29-4074-bf7d-abb46da20767,Brenda Kelly,9723,486.15,20,1,2,2
d0d5eb3f-9819-43e4-93ac-13dafa5571ed,Christopher Armstrong,9802,515.8947368421053,19,3,3,2
d0e6fa56-051e-4576-8cf5-a19aa928773d,Curtis Morrison,10959,421.5,26,2,2,2
d0f5136a-0f40-414b-99a7-5f11b9abeb49,David Stevens,12003,444.55555555555554,27,1,3,2
d11e0602-7e6f-4cf5-975d-1c6a4fba3bb7,Heather Perez,15076,519.8620689655172,29,3,1,1
d145de77-2ad2-4330-9b1e-aa31a47a4748,Taylor White,8098,506.125,16,5,3,2
d15ec2a6-f8e0-4eb0-983e-57f3f54bd6ba,Austin Valencia,9514,432.45454545454544,22,3,3,2
d1ba4a3d-3f4d-4cc1-84cb-c1a152a0cbaa,Cameron Turner,7350,459.375,16,5,3,2
d1c646c0-3b46-4b62-9896-b4a193e0776d,Jennifer Powell,16564,487.1764705882353,34,1,1,1
d1f61c0c-edf2-49bc-9b49-6fd0681e5316,Corey Warren,6975,465.0,15,3,2,2
d208a03f-b78c-495c-a604-35cc3068cc53,Kathryn Warren,16631,503.969696969697,33,1,1,1
d20c27bd-bd15-47d8-9cdb-669d2d5b8cbd,John Woods,8606,430.3,20,5,3,2
d22e37f4-f7e6-4fdb-94a4-43662f53b188,Jason Henderson,11096,443.84,25,5,3,2
d2702d94-ccea-4b91-bf97-4daf5b812493,James Martinez,11569,503.0,23,2,2,0
d2764fe8-5967-406c-a912-b4cd6f940c3b,Alan Strickland,7970,468.8235294117647,17,1,1,0
d2857165-2178-473a-afec-46aa350be24d,Samantha Frazier,8467,564.4666666666667,15,5,2,0
d298b3f8-7634-4682-a538-6c70013e1248,Fred Sanders,10523,526.15,20,3,2,0
d29a96f2-364d-4b9e-8ada-4fb12f6cb77b,Janet Avila,7593,446.6470588235294,17,5,3,2
d2be4254-7fed-4376-833a-2ca93ebcad14,Glenn Fletcher,6839,402.2941176470589,17,4,3,2
d2e12620-cef4-494e-af1d-b239b4f1a892,Victor Gallagher,10202,536.9473684210526,19,3,2,0
d2e1e70c-1220-4fd5-b9ad-3a332285d788,Karen Miller,11711,532.3181818181819,22,5,3,2
d2f5c7c6-e70c-4407-9fad-18007c933ca9,Shelly Martin,1924,641.3333333333334,3,5,1,0
d359b2bd-c315-4561-bd00-14b7b81a70dc,Sarah Armstrong,12345,493.8,25,5,3,1
d366719b-120d-4a9b-8bd9-9f95a8bace87,Jason Watts,17926,543.2121212121212,33,5,2,1
d36a21aa-57f2-4190-8e43-cb5b789d716a,Elizabeth Sutton,11989,521.2608695652174,23,5,3,1
d3a06a2d-1401-46ba-aa4a-14641d2c8c6b,Tony Walter,13339,476.3928571428572,28,1,3,1
d3be13aa-6e46-4ece-9fa1-36b3425d6d65,Gary Smith,11715,488.125,24,2,3,2
d3c6532f-c6a0-4e10-b8e6-f6f5979ae7de,Gerald Cox,8523,532.6875,16,4,3,2
d4041865-1351-4ce2-bdc2-ac01a9646922,Robert Harris,14277,509.8928571428572,28,5,3,1
d4762591-c36b-44cf-a8f6-de5f90a682b9,Cesar Simmons,12141,505.875,24,5,3,2
d485b442-5ccb-4698-934a-6785d5ed510a,Brandon Gardner,1356,452.0,3,2,1,3
d4984361-7bae-4c1c-aa08-e32a4a3003d6,Dominique Alvarez,11868,474.72,25,3,3,2
d4a861c3-6a99-4dc8-a4c4-8b2462b73592,Courtney Flores,16621,488.8529411764706,34,2,1,1
d5197492-3441-4323-a0bc-109529538345,Robert Robinson,7604,447.2941176470589,17,3,1,0
d527f42c-6f5a-48fd-b4a5-61a4d5da2471,Matthew Norton,1395,465.0,3,4,1,3
d5394ff9-076d-4f74-8a42-0755e2c4b0eb,Danielle Page,14948,482.1935483870968,31,4,3,1
d59ea746-e298-403b-8b1c-11638364dc4d,Michelle Rhodes,15769,463.7941176470589,34,1,1,1
d5a1fc01-bce8-45a1-8854-506d52f03035,Robert Mason,12857,514.28,25,5,1,0
d5b4b31e-1a99-4af4-abd5-7303d9917246,Lisa Armstrong,14812,493.73333333333335,30,1,2,1
d6015a2b-6ba5-46de-9db6-ce04ed5e9537,Amanda Chavez,10258,488.4761904761905,21,2,3,2
d62f7d16-ee96-4751-b7d1-7a737f6d09d9,Kenneth Thomas,9822,491.1,20,4,1,0
d646f8c2-982e-4496-828f-7a20b3760272,Tyler Kim,12277,558.0454545454545,22,1,1,0
d64fdfe8-4c8a-47eb-9c94-c78593abe450,Shelby Oneal,7581,473.8125,16,3,2,0
d697e430-024b-4afa-97b4-322772aa2537,James Santos,10919,454.9583333333333,24,3,2,2
d69b915f-fea8-448e-85f0-2786c483bff2,Jason Jimenez,612,306.0,2,2,3,3
d6b929f4-2852-4d6b-b816-2cf7812b7d4f,David Black,9732,423.1304347826087,23,2,1,0
d711cd5a-8762-4048-8c3e-e8ca94adbbe0,Haley Murphy,14304,461.4193548387097,31,5,1,1
d7147c7f-cda8-429f-970f-a336fff6d4f0,Shawn Smith,10259,446.0434782608696,23,2,3,2
d79fb4ee-2c09-4936-8679-e76b5a9eba51,James Potter,8454,444.9473684210527,19,2,3,2
d7a6f0d0-4aec-4433-afa9-1298a6d5a4f0,Jennifer Lawrence,8120,507.5,16,4,2,0
d7b397d3-c204-401d-bd28-fd4aa9d0a445,Heather Gutierrez,9330,491.05263157894734,19,3,3,2
d7de2100-d03d-4982-8e02-8a6f57b9228c,Stephen Martin,10908,574.1052631578947,19,4,2,0
d7eeceb9-64ef-482e-8bc9-2b14bd4081f7,Edward York,14631,522.5357142857143,28,2,2,1
d7f26a55-bac2-4106-921e-53187377783d,Kirsten Reyes,11137,506.2272727272728,22,1,3,2
d7f939be-8652-4c15-9838-cc4a9f665f94,Justin Beasley,9489,474.45,20,2,3,2
d806f6cd-c337-4326-9370-4ba1d064a6d0,Michelle Oneill,14950,482.258064516129,31,4,1,1
d83f274b-b3d3-4ccf-a0e2-d73e92fe06e7,Melissa Hammond,11543,427.5185185185185,27,3,3,2
d86df308-a096-4330-8203-a01b097f880f,Tina Greer,12039,463.0384615384616,26,5,1,0
d898f586-4baf-408f-9d0f-ad860993e6af,Daniel Ray,11185,447.4,25,4,2,2
d89e5cae-9e68-4e8b-b7f9-a41f5c4b9531,Donna Kelly,8343,417.15,20,1,3,2
d8a1dc3a-af46-44a8-9e36-7b509f07c046,Jasmine Steele,15381,452.38235294117646,34,1,2,1
d8ae0379-4d80-45dd-ab48-24821b0a24ec,Scott Bowman,7652,510.1333333333333,15,5,1,0
d8bd8f04-f8ee-4301-9b73-89f5bca7dd64,Teresa Thomas,16623,488.9117647058824,34,1,2,1
d8e2e871-e098-4fce-a71e-870330696028,Jessica Robinson,12057,482.28,25,2,3,2
d8ec0d18-ba43-4869-a0dd-85acb40a335a,Destiny Acosta,10138,506.9,20,3,2,0
d8f14861-ba51-48d2-ace9-a13fce05acd2,James Bruce,8139,508.6875,16,4,3,2
d90c395f-27df-481b-a4de-70276ea54d99,Susan Villanueva,674,337.0,2,4,1,3
d9141ff3-1ba0-400e-b91a-0db20e82620e,Dean Martinez,9128,536.9411764705883,17,4,2,0
d91b8ad4-527c-410a-b0a9-19c05307aea1,Kenneth Paul,14397,514.1785714285714,28,5,3,1
d934b447-bad2-4be7-beea-784568a2ab04,Stephen Rich,7303,429.5882352941176,17,2,1,0
d9582a46-e3c4-4339-9187-2f2e6b015e7b,Steven Daniel,12270,511.25,24,4,3,1
d95b3ae3-493c-43f8-b057-28f44f8c8e32,Jared Richards,6893,405.4705882352941,17,1,2,2
d96ef0eb-e244-4ec7-a497-32b8fbe8c3af,Hannah Curtis,11080,527.6190476190476,21,2,1,0
d9abe70f-92c7-4bce-9522-c9547479c4d0,Levi Weeks,8354,464.1111111111111,18,1,3,2
d9bab4c0-4d22-452e-8210-e5890624c1a0,Lori Scott,7882,492.625,16,4,2,0
d9d52c4b-546c-4ae7-95d5-112d3cd0e401,Angelica Logan,16205,491.06060606060606,33,4,2,1
d9dfb3df-3b72-4db5-bd87-c589c08f674f,Allison Logan,17444,498.4,35,3,3,1
d9e81833-81b5-4147-8495-d0c579e6ea1c,Michael Hall,14277,460.5483870967742,31,3,1,1
da0e9a7a-85b3-46b8-9bf8-37f2b7fac69d,Maria Young,8877,554.8125,16,4,2,0
da392664-893e-468e-a696-2cde12ab2249,Jennifer Oliver,8683,510.7647058823529,17,3,2,0
da889cb8-2fc0-46c5-823a-041505807704,Jessica Anderson,16163,489.7878787878788,33,4,1,1
da9523ff-526f-4e90-8a64-6e5460ed446f,Christine Giles,8406,494.4705882352941,17,2,1,0
daaa7116-a311-4aed-93b3-500e1302e814,Jessica Clark,10066,457.54545454545456,22,2,2,2
dad66b35-abae-4363-b38b-b84e0bf7e086,John Montgomery,12459,444.9642857142857,28,3,3,2
daf79a66-8e59-421f-a692-b5d392da8695,Teresa Terry,11518,523.5454545454545,22,4,3,2
dafbe5a4-f72d-4e5e-a39d-c594d0204109,Joan Gardner,18784,536.6857142857143,35,2,2,1
db30a29e-1c37-4b84-9c30-d868bb4d81da,George Parker,9902,430.5217391304348,23,4,1,0
db55f288-8523-45a2-be49-654f7abf1358,Sarah Burton,16656,475.8857142857143,35,3,3,1
dbaf66e2-52a0-4166-b67d-cf534ec30c1d,Tyler Howard,1121,560.5,2,2,3,3
dbb2a09c-7d1c-4117-b0d7-d8451f0d4c2f,Rachel Johnson,14802,510.41379310344826,29,5,1,1
dbc40c9f-147f-4b69-9811-a550fa141b9c,Samantha Perez,7264,403.55555555555554,18,4,1,0
dbd1d3ed-44ac-43c9-b5d1-dd62d4f7368f,Chris Hernandez,14789,422.54285714285714,35,3,1,1
dc222915-fcac-464c-8a37-5b7d289fec0c,Jonathan Miller,13497,449.9,30,1,1,1
dc65e0ca-6293-4ce4-b0b7-61d22044d376,Austin Boyd,7388,492.53333333333336,15,2,3,2
dc6a8330-abbc-4924-ab6c-1d417e9038fd,Jill Trevino,8556,475.3333333333333,18,3,3,2
dc8fcf95-c033-4a25-87ca-6ad0b61619ea,Katherine Greene,13193,471.1785714285714,28,1,3,1
dcc0b624-4a4f-46e2-88fa-4ea972e9c282,Lisa Baker,613,306.5,2,3,1,3
dccb0cc3-c581-4d0d-abfe-fad8d47885a4,Amanda House,9690,461.4285714285714,21,1,2,2
dcd95f89-989c-49ec-9084-d2e31d213f38,Connor Tyler,10130,482.3809523809524,21,4,3,2
dd06265c-0590-421f-b9cc-df433538adce,Danielle Huerta,9668,483.4,20,3,2,0
dd11be37-f080-4c25-8156-06fce3f1af19,Michael Cowan,9674,509.1578947368421,19,4,2,0
dd4dd762-8340-4723-aa99-89fbd89d0bcf,Alexandra Stone,16616,474.74285714285713,35,2,3,1
dd5661c5-c91c-4fd0-8a29-eced81279e83,Lori Smith,9880,548.8888888888889,18,1,3,2
dd578375-7537-4b20-a939-ece4714c1d28,Dominique Oconnor,1171,390.3333333333333,3,4,3,3
dd601c90-61fb-419a-b070-bd0c79ee5895,Dustin Thomas,16965,484.7142857142857,35,3,3,1
dd70c18e-7036-4b1c-99d4-6ac28fe3c24d,Sierra Becker,9762,488.1,20,2,3,2
dd983f93-297c-4d18-b507-92a08d1eb5e2,David Cowan,13381,446.03333333333336,30,4,2,1
de09a56a-c65a-4b4b-9982-6b100650e488,Cheryl Hernandez,7872,492.0,16,5,1,0
de0f2413-52c1-4a2e-bbed-2111cedab261,Alexander Smith,13944,464.8,30,5,1,1
de37fe36-8637-4173-825e-fc983a0d1dc2,Sherri Dudley,7504,469.0,16,3,2,2
de451338-83d6-4ac6-ba42-c64c69efe4c9,Elizabeth Novak,14512,468.1290322580645,31,4,1,1
de5b0fee-1a2b-402a-8568-807708453d22,Denise Winters,8751,514.7647058823529,17,4,3,2
de8b37f5-5829-444d-9f3f-53a893f1481f,Alexis Morris,8401,420.05,20,4,2,2
de8f9777-11ef-4e3e-b47b-220069351143,Julia Williams,9025,451.25,20,3,2,2
decd134d-3dcc-4947-a3fb-8d0aca66dbba,Cody Arnold,7217,451.0625,16,4,3,2
decece81-bba0-4910-a795-e6cad31e6d8d,Jennifer Harris,6886,459.06666666666666,15,2,1,0
ded02442-a6b2-4184-9e7d-e1629abca6e1,Kyle Smith,6188,412.53333333333336,15,5,3,2
dee2ce38-e75a-40c7-acad-94db96f87e84,Debbie Fletcher,7916,416.6315789473685,19,1,3,2
df230bf4-dc6c-46e4-a62d-e895e3a1da6d,Jennifer Warren,7178,398.77777777777777,18,2,2,2
df32676b-ef3d-44dd-8366-fc3671b3baaf,Jonathan Riley,12181,468.5,26,4,3,2
dfe5303c-955a-431d-b964-7c134aac2c45,Carolyn Bush,7553,377.65,20,2,3,2
e0292b72-2c00-419f-bfce-b6d0eef2f703,Christopher Christensen,827,413.5,2,1,3,3
e02a2f03-333a-478e-bf3a-d49c53530f9f,John Green,9615,437.04545454545456,22,1,2,2
e036cc5b-c0e2-4d81-9b6e-360a3a7811e4,April Nielsen,7113,474.2,15,5,3,2
e0433c78-4d32-46af-9436-c2668a0ac104,Anthony Wright,6187,412.4666666666666,15,5,1,0
e0461e2f-7efc-471b-875c-4ea9e7b9ce1f,Kari Payne,15558,518.6,30,4,3,1
e068b776-b700-4080-986d-1f25efed62c8,Robert Austin,9191,483.7368421052632,19,1,2,2
e074ce82-4286-48db-9a11-4631348facf2,Cindy Martin,9339,518.8333333333334,18,4,3,2
e08407a9-1d00-4e9b-a3ae-ebd28cc9bf36,Brandy Farrell,9908,471.8095238095238,21,5,3,2
e09a13af-7fc5-4fa5-8524-f978fdc22f1a,Deanna Rodriguez,10583,503.95238095238096,21,3,2,0
e09dd95d-1732-48a0-9aad-2e617a24b111,Deanna Flynn,13990,499.6428571428572,28,1,3,1
e0b6c0d9-6993-43d2-b291-9d0a1bcc61e6,Eric Bowers,8255,412.75,20,5,2,2
e0dbaaf1-dd2a-4196-aece-07fa798e361b,Jennifer Brooks,10359,470.8636363636364,22,2,2,2
e100e16d-8092-4960-8a41-ee2bb2ccbb60,Rita Rogers,9880,429.5652173913044,23,4,2,2
e1270a63-46e8-4e6c-89d0-b0658a875af5,James Pugh,16356,511.125,32,1,3,1
e13680fd-0548-4a90-bc2f-506ec5ae7c18,Jessica Smith,7450,496.6666666666667,15,5,1,0
e142d90a-f7f1-4930-a795-29f67c58c6d8,Thomas Dodson,16326,494.7272727272728,33,3,2,1
e15a678f-dc7b-4755-8c1c-fe8c102efe32,Rebecca Palmer,7205,450.3125,16,4,1,0
e15ba398-ce86-4c1c-b550-4ed3d256f8ee,Jay Smith,9765,513.9473684210526,19,2,3,2
e1665060-8238-415b-8637-6f0a8ee0fdf4,Joshua Newman,6405,427.0,15,1,3,2
e174d44e-4cc5-4a14-bef8-245d3155ecf9,Kristy Williams,17079,487.9714285714286,35,4,1,1
e1834296-55ee-4ca1-b52a-821fe749239c,Alan Evans,9624,481.2,20,1,1,0
e195d64d-856c-4651-a687-41a3651517c6,Lori Wilson,10519,525.95,20,3,2,0
e19658e5-b81b-441f-a613-dc3ec6507184,Kelly Thompson,8472,498.3529411764706,17,5,2,0
e197d2ce-b409-4f7d-a30b-ac64189c5e5e,Mathew Perez,15406,496.96774193548384,31,5,3,1
e19b0f5b-b2a5-4fff-8062-41c8f44f4afa,Jason Bennett,9114,479.6842105263158,19,1,3,2
e1cdeef0-92de-4616-958d-d59eb5a2e1c1,Omar Carroll,10414,452.7826086956522,23,3,3,2
e1d3536e-2db5-42e1-922f-c6b4ad8484d6,John Payne,7316,430.3529411764706,17,3,3,2
e215ac32-7add-4115-a8c9-b9f6d5a3abf3,Ronald Wilkins,7718,482.375,16,3,2,0
e256ce94-293a-497b-8e0b-a702a89e44d0,Robert Mcmillan,13516,519.8461538461538,26,3,3,1
e27841c1-9aca-40ac-a1bd-6510b0a1e7dd,Bobby Rojas,9294,489.1578947368421,19,2,3,2
e27c5da5-556b-4c6b-a52c-5996a66dcdd0,Shannon Nelson,18397,525.6285714285714,35,1,3,1
e29ab3f5-defc-4a34-933a-055f3f4e3841,Jeremy Cooper,7122,445.125,16,5,1,0
e2d50936-917e-40fd-a5b3-796d4aa4b96e,Peter Dudley,1038,519.0,2,1,1,3
e32aa34e-f7c7-4f72-9d7f-85421b5c8614,Tyler Tucker,9539,476.95,20,1,1,0
e34360b4-28cd-4daa-a38f-3093fb550439,Jacob Garza,1540,513.3333333333334,3,3,1,3
e353bc53-160e-4c68-89ab-e00b4b55d2dd,Oscar Gallegos,10170,508.5,20,5,1,0
e358257b-4c64-4189-978a-867e6df10a9b,Michael Guerra,14468,438.4242424242424,33,5,3,1
e35bf3c0-b9f6-4b8a-ba5f-e3dce291b983,Diana Garcia,12904,496.3076923076923,26,1,3,1
e36495f1-e268-44ef-9d3d-69a55bf34773,Zachary Martinez,15182,506.06666666666666,30,1,2,1
e38b3e51-b215-431d-a6ae-7dd14c91717e,Patricia Morgan,13810,445.483870967742,31,5,3,1
e3b1ff1e-e31f-4ca6-99e8-68ee8c313d73,Tamara Smith,9929,472.8095238095238,21,1,2,2
e3b55b93-7372-4b04-a39e-87beab4ab37a,James Adams,10397,472.59090909090907,22,3,2,2
e3ca4e21-7acc-4620-9158-a6a8699bdb72,Jessica Johnson,11996,444.2962962962963,27,5,2,1
e435b5cd-085e-401e-85f4-a967bcaedc9f,Andrew Carroll,12742,455.07142857142856,28,4,3,1
e45038f7-784f-4e04-a167-9755f22dd960,Brandon Martin,12878,429.26666666666665,30,1,1,1
e46e3a05-911f-4d33-a78c-7cd9c8d40973,Courtney Hernandez,9176,573.5,16,2,2,0
e4cd9cf3-b717-4fcb-9390-172fbffc2ab1,Joshua Foster,8032,472.4705882352941,17,5,1,0
e4ec6c8c-22bd-4b84-acf0-91723b9a3ba2,Jasmine Johnson,15313,464.030303030303,33,3,3,1
e4eeca33-6c0e-446b-930e-fbac67251baf,Melvin Flores,6769,423.0625,16,3,3,2
e50c537a-a003-451b-ab4d-ca47db4efc55,Michael Holloway,13255,441.8333333333333,30,2,2,1
e54149ed-208b-4da8-b85c-37d0685ec9a4,Teresa Jordan,9798,515.6842105263158,19,1,1,0
e549621f-3d78-41a6-b788-2cc4e3e2b0ca,Ronald Clark,15079,502.6333333333333,30,3,2,1
e57c544a-160a-4db0-9ef7-8c409f45d525,Ryan Fox,12382,458.5925925925926,27,5,1,0
e58267b4-95c5-4914-9b71-fb3749f8ad75,Susan Brady,12408,496.32,25,4,2,1
e58910f5-4b38-475b-b689-ae7b3bab459f,Alexander Torres,14572,470.06451612903226,31,4,2,1
e590afd9-51a5-449c-96a3-b9b4cd405814,Lori Sanders,15304,510.1333333333333,30,3,1,1
e59b3347-c2d5-4419-a24a-ebd2344e68df,Brittany Weeks,13305,554.375,24,2,2,1
e6026991-342a-4a96-8aa2-18f1088190d1,John Lopez,16558,473.0857142857143,35,1,1,1
e6047c44-ae02-4005-b197-3bc46e03d15c,Tiffany Griffin,9711,485.55,20,1,2,2
e61a672e-5a6e-4971-a8a7-a0b7e4c10a38,John Wong,9509,413.4347826086956,23,2,2,2
e6fb5a7b-29d1-4c42-9116-9d7e3903ff1a,Joshua Murphy,14349,434.8181818181818,33,3,2,1
e716d28f-b1d9-4e54-9107-6618a13ab5ca,Colleen Baird,10533,526.65,20,2,1,0
e7204b75-204d-4432-abd6-34e47cada052,Steven Miller,13708,489.57142857142856,28,4,1,1
e736afea-97e2-4f65-b042-2f0f2b22407c,William Bell,11869,494.5416666666667,24,3,2,1
e749da40-c3b6-426e-9ec6-0060639e0cc6,Sara Craig,12954,431.8,30,2,3,2
e76b4ef0-d1b7-450e-814f-62c64f55e10d,Peter Sanchez,11031,441.24,25,5,2,2
e7736a73-d986-4894-a75d-d7610b8c8e93,Nathan Archer,13143,469.3928571428572,28,1,2,1
e7996cf1-c793-4bed-ad82-79f2ef3aa123,Brendan Sweeney,8653,480.72222222222223,18,1,3,2
e7b814c8-7ff9-42d4-bcc2-e212144d67cd,Diana Brock,14967,498.9,30,4,2,1
e7cca297-3b7c-4d9e-a27b-331c7d58a6b8,Derek Hubbard,7397,493.1333333333333,15,3,3,2
e7dd93c2-d6df-4bb8-8e58-f6586f426d9c,Michelle Kennedy,8423,467.94444444444446,18,2,1,0
e7df0516-b3d4-45a3-afea-7a8741edd1fe,Nancy Davis,9058,532.8235294117648,17,3,3,2
e7e7552d-12a6-4d62-b65a-fa09e27940e3,Anthony Hernandez,11903,457.8076923076923,26,1,1,0
e7e7e064-a702-40e2-8ac2-a82ce555d1a3,Jessica Mann,11529,443.4230769230769,26,2,2,2
e7ebbb5e-7594-41cc-9e97-bfcbfcf37a1e,Maria Collins,12140,505.8333333333333,24,5,3,2
e7f3cfca-eda1-48a6-9d2f-f614bc5dbd21,Bobby Schneider,10064,479.2380952380952,21,3,2,0
e804ac8e-2a5b-40f7-af5b-005b1a62d22a,Daniel Gutierrez,8591,477.27777777777777,18,5,2,0
e8526a19-3508-44ad-9762-c37ae3c63d77,Susan Watson,12502,480.84615384615387,26,3,3,2
e8693f7e-c9f3-47eb-918b-cb7bdb711aec,Melissa Lee,6782,423.875,16,5,1,0
e87707f4-b803-4227-937f-ee62350fc8d0,Brent Mitchell,6467,431.1333333333333,15,1,3,2
e8da460a-e6b9-48c2-b231-c1e0463c76fe,Jennifer Graves,13623,504.55555555555554,27,4,1,1
e904f5d0-cab0-4980-af78-863258dff87d,Tyler Herrera,8619,507.0,17,5,1,0
e916d909-40f6-403d-bc9c-d4f9b8443f54,Daniel Erickson,15796,509.5483870967742,31,4,2,1
e917b350-36ea-4995-aab6-a3f6f33b1a5a,Christian Fischer,10194,407.76,25,4,2,2
e930062f-252d-48d2-b693-f2e3b7fd64bf,Miguel Oconnell,8108,426.7368421052632,19,1,2,2
e946e521-be03-47f0-b78d-63196f2d3d1c,Sara Kaufman,15113,503.76666666666665,30,4,1,1
e9646556-1728-4b6b-aeb9-4174c9fea8c2,Angelica Cabrera,10873,434.92,25,1,2,2
e9ad1911-62f8-4c6d-b8d6-c135e8f1d75a,Mario Choi,13379,418.09375,32,2,3,1
e9ce3f86-3a6d-445b-b65f-3e711a8b98e6,Monica Bailey,16908,483.0857142857143,35,4,2,1
ea091fac-75ca-478d-8cdf-abf2ac79854b,Tanya Adams,7631,401.6315789473685,19,1,3,2
ea258b45-fd22-40dc-b984-b4adac3dcd31,Zachary Hunter,12891,477.44444444444446,27,2,2,1
ea40176a-a127-4e8d-8cb6-b3cc64924901,Heather Bowen,6748,396.9411764705882,17,3,1,0
ea442318-2bf4-4385-b3f0-795ef6d5d404,Jennifer Rodriguez,17016,500.4705882352941,34,3,2,1
ea639e03-1eee-4984-9dbe-d3381977c8a9,Anna Garcia,9394,469.7,20,3,3,2
ea682350-387b-4ae0-8b43-2a130bd135c3,Kari Frederick,11072,425.84615384615387,26,4,2,2
ea7abb45-8900-4513-a098-d8f69332b4de,Michael Underwood,12681,469.6666666666667,27,4,3,1
eaadf81e-7b37-4231-92df-1878e8658235,John Moreno,11368,494.2608695652174,23,4,1,0
eab03506-cdaa-498a-ab15-cf3525ad6032,Benjamin Christensen,16385,468.1428571428572,35,2,3,1
eac0337c-0285-4b7b-85e2-4c0bf6db1dce,Eric Armstrong,15445,482.65625,32,2,3,1
eb0c7204-7de8-4be7-978b-0a0369ebf743,Trevor Bernard,7368,433.4117647058824,17,4,1,0
eb2666a9-6419-45a4-9797-2ff4b1cf3ccf,Matthew Brown,18058,515.9428571428572,35,4,2,1
eb7d240b-fcd8-4de1-9104-4505c85db54a,Karl Jacobs,11287,490.7391304347826,23,5,3,2
eb87508b-f4b7-471c-a18d-013d8779f1a9,Yolanda Rodriguez,15035,469.84375,32,2,1,1
ebd3291d-cb94-4bb2-b07e-4869ece2440c,Brooke Miller,13272,553.0,24,2,2,1
ebebbe6e-2fd4-4972-9d08-c0c387286725,Lisa Parrish,15859,480.5757575757576,33,3,2,1
ebefd26c-477e-480c-a167-78e5fbd6d4da,Kimberly Parks,8146,479.1764705882353,17,2,3,2
ebf2c94b-8c05-4f2e-bd2b-95eb54f88ced,Lance Walker,15409,453.2058823529412,34,4,2,1
ebfb385e-e09c-4872-9d31-7da72e3ca9f2,Ray Smith,976,488.0,2,2,1,3
ec0b662c-4bbb-4eb0-af18-73222ea2992d,Alejandro Clay,10298,514.9,20,2,2,0
ec3dbd99-663d-4042-ae2e-d2a83fbb3d4e,Kevin Moore,7662,383.1,20,5,2,2
ec4078b8-efa7-4346-9b4d-109843a854e4,Evan Small,550,275.0,2,4,2,3
ec5710c9-bf4d-4016-934a-c4fe1700e5e7,Adam Wong,12669,487.2692307692308,26,4,1,0
ec7c6f18-5e97-4fb1-baa9-fec7bbfb696f,John Wyatt,13875,433.59375,32,2,1,1
ec7e92e6-d1d4-45d5-aa8d-55515a9af2f3,Pamela Scott,7828,460.4705882352941,17,3,1,0
ec8989d6-3321-4872-b430-86054b1d6ff2,Timothy Berry,12326,474.0769230769231,26,1,3,2
ec9997a0-8df0-47c9-80c8-ae43b12baac4,Edward Wright,12594,466.44444444444446,27,5,3,2
eca83ec7-cad3-47c9-82a9-01dca8cc6cfe,William Davidson,8099,449.94444444444446,18,4,3,2
ecd9df79-22a9-416c-a3b7-5a207ccb2e4f,John Chase,16996,515.030303030303,33,4,2,1
ecdeac58-8c82-4bfd-9d68-758ee79b8ad1,Ryan Sosa,9582,504.3157894736842,19,4,3,2
ed00ad05-a679-4a2e-8e56-44a1a01b9363,Robert Spears,10063,529.6315789473684,19,4,1,0
ed7b7c70-2505-4ed8-a730-c1b23784087d,Austin Thomas,12630,485.7692307692308,26,4,3,1
ed8a81f3-1f2a-4b7a-b804-6a3af48f4f29,Jonathan Hawkins,2229,743.0,3,1,2,0
edc9a9c9-b425-4d8c-a450-6f870707f0e5,Aaron Gonzales,11025,459.375,24,3,1,0
eddf214e-60bb-475a-aaaf-f3e75d517f0a,Joseph Forbes,9207,418.5,22,1,2,2
ede7e57a-a435-4906-8881-4003c2270200,Andrew Smith,15317,494.0967741935484,31,1,1,1
edfc244d-2764-407d-9779-0351eae344a0,Samantha Moreno,15878,529.2666666666667,30,4,2,1
ee3b4bad-11db-4c5a-9611-bfc2cb6cf173,Alicia Booth,12654,527.25,24,2,3,1
ee9b6c05-9376-4f00-8ab2-ac02b89a65fe,Gregory Grant,8691,377.8695652173913,23,5,1,0
ee9d1a72-c62c-40a8-b512-f79f005cd98f,Francisco Khan,10286,514.3,20,4,3,2
eeaf82e5-7d1f-4cee-b919-dd39f529c42a,Jasmine Roberson,9502,527.8888888888889,18,2,2,0
eecf58ab-27a5-4cda-a068-d13130ba3c2d,Tiffany Miller,9768,514.1052631578947,19,5,2,0
eefa7484-8e27-49e6-861f-d77777c080a8,Denise Smith,12578,483.7692307692308,26,4,3,1
ef19487a-400e-4886-91b7-885bbeb264b7,Jeffrey Davis,8034,422.8421052631579,19,4,1,0
ef1f9aa9-7c1d-49e6-a231-654095cf0f89,Joseph Payne,10517,525.85,20,3,3,2
ef3f7d85-b2db-4966-9582-4acc95f72719,Krista Howard,9701,388.04,25,1,2,2
ef4a5283-c71a-4937-9056-65c6cca2d956,Meredith Bryan,16026,516.9677419354839,31,3,3,1
ef55715e-9346-4ae0-a5be-96849a0ec020,Angela Young,12843,458.6785714285714,28,4,3,1
ef5ad8f8-1eca-4386-8c17-2cd29d8dacb8,Mary Richardson,786,393.0,2,4,1,3
ef5e4699-7dcb-479e-8c2d-2de5d8cfecb5,Christine Evans,12541,447.8928571428572,28,3,2,1
ef914cbb-52d6-43b3-aa9f-b6e772b62903,Catherine Stevenson,7737,429.8333333333333,18,4,1,0
efd7ba16-f102-4a6a-a788-78520e8e5405,Robert Gray,7812,372.0,21,2,1,2
f02ed6a7-04dc-45fe-8348-e5452a206816,Brian Robertson,7575,505.0,15,1,3,2
f03fc0cc-3f18-4131-b619-06ca78670be5,Michael Owens,9635,535.2777777777778,18,2,1,0
f052624c-43e0-4088-b84d-a3b7ec01dc54,Bradley Brown,14623,430.0882352941176,34,5,1,1
f067eb17-1a91-489f-a87a-7faf4c015b28,Justin Hall,5978,373.625,16,1,3,2
f06a84ef-14a5-498b-8981-64c372698332,Deanna Walker,8772,438.6,20,3,2,2
f071da9a-2d5b-4dff-a6a7-603b04805b62,Carol Phillips,13609,400.2647058823529,34,1,3,1
f0a30a5c-f646-4e88-a53f-58d0087f105c,Robert Knight,7617,423.1666666666667,18,4,3,2
f0d9bed1-8942-4f68-8ecd-3dd0fcf75882,Parker Shaw,11004,440.16,25,2,1,0
f0e70f75-05b8-4d51-a524-5391e78d8445,Alicia Davis,17123,535.09375,32,3,3,1
f0ecbee4-58b9-416c-bad3-7d699e4f9b65,William Barrera,12540,522.5,24,3,3,1
f0eefcdd-0350-4561-af7e-3a383f23ccdf,Russell Martinez,10771,512.9047619047619,21,5,3,2
f0efc164-22cc-4aa3-a456-9fa10d70011e,Lisa Moore,7114,474.26666666666665,15,1,3,2
f1060f59-ac23-4a12-a6a1-ea40c7d0b0f8,Anthony Quinn,11042,501.9090909090909,22,1,2,0
f167f4bb-71bc-49bf-9a92-5c6becf67f52,Jessica White,9498,474.9,20,2,2,2
f169e676-dfa2-4bb2-8988-1b6de6c86faf,Ellen Harris,14047,501.6785714285714,28,2,3,1
f18742c4-db8b-4efa-8cf1-469e1d6e356a,Richard Williams,10924,496.54545454545456,22,2,3,2
f192c0b6-d402-42e9-8b1f-186f993864a1,Hannah Simmons,13718,489.9285714285714,28,4,2,1
f20cb430-3f58-4a77-9a60-a01433f4ebd9,Randy Garcia,15980,484.24242424242425,33,4,1,1
f25f18f1-a5c7-427c-8702-32177dca8682,Marissa Park,11625,528.4090909090909,22,4,2,0
f268cfe0-5c55-4c0b-b63e-5bd4c014f2c2,Crystal Green,11654,506.69565217391306,23,5,2,0
f2853c94-35a5-411f-add6-238008ad0671,Jasmine Pitts,9943,497.15,20,5,2,0
f287783b-90e5-410f-8b3a-3a122129b7b8,Stephanie Mckinney,17283,508.3235294117647,34,1,3,1
f2b8a4e7-6ae4-40ea-a9e1-274a328de346,Ricky Stout,6768,451.2,15,1,2,2
f2daeb27-c7d2-4042-b138-8ef0652d1427,Ashley Lewis,10021,501.05,20,3,2,0
f2efb22a-0ef8-4da1-bebb-dfccca4ea79d,Joshua Harrison,8112,477.1764705882353,17,4,2,0
f32895e1-360d-4ab9-b2bb-92d39b7a42d4,Valerie Kramer,9158,508.77777777777777,18,4,3,2
f32a9ed9-4aee-4f0a-a797-f9d7df2ad6a6,Ashley Pacheco,10073,457.8636363636364,22,3,1,0
f37706f7-420d-46bb-b005-b225d33c3f27,Monique Hunt,7467,393.0,19,4,2,2
f3809729-a159-43f7-bae4-98db5ee4b5ec,Robert Sims,10358,431.5833333333333,24,1,3,2
f3a39504-8527-4542-a22c-fef10550dcb4,Michelle Brown,7670,511.3333333333333,15,1,3,2
f3c0dd6b-99de-4903-9ad0-66f487e89354,Bryan Ballard,15432,514.4,30,5,1,1
f411cb08-5b3c-430f-b616-72f4bf1766a5,Erika Davis,11633,387.76666666666665,30,1,1,1
f41f4c35-8d4b-4ad8-8687-880fca1933e6,James Martinez,17020,500.5882352941176,34,2,3,1
f425f27f-eff7-40d8-94cb-f93c422344c2,Scott Castro,9584,532.4444444444445,18,3,2,0
f43c1241-a458-4077-9bb0-8871514d0ac3,Cassie Waters,8551,534.4375,16,2,2,0
f4686e78-cc16-4208-b09d-a41524ece694,Justin Cuevas,10552,422.08,25,5,2,2
f47b43ec-14a5-47b4-a60d-1fcd2af40e60,Rebecca Moore,12752,490.46153846153845,26,1,3,1
f4857e78-ad41-427f-ac62-e03e90988960,Cynthia Ryan,15636,473.8181818181818,33,3,1,1
f4a0c584-4f58-4b80-ac4d-0821e3acd404,Renee Morales,940,470.0,2,2,3,3
f4a7f28c-f1b0-4b43-87e2-8cf02360c838,John Rice,10006,526.6315789473684,19,1,3,2
f4b983ed-f7ef-4a0a-8806-85c22427952f,Kevin Benitez,7103,355.15,20,2,1,2
f4fae78e-c1da-45eb-9dbb-b82747ab2ed2,William Lucero,13453,517.4230769230769,26,4,1,0
f5158446-e232-4ed7-b400-deaa65e3f049,Jose Williams,10886,544.3,20,5,3,2
f5356944-e5fe-4c30-8c7b-5fafae4ebd50,Anthony Welch,6992,437.0,16,1,2,2
f598296f-5282-4087-bc59-9858ea4452f8,Kyle Byrd,16032,517.1612903225806,31,1,3,1
f5b2338e-2190-423f-a20e-ad45877da53e,Samantha Harris,10912,454.6666666666667,24,1,3,2
f5bf843a-bb35-49f9-9bb0-ed1e4ae6bb7d,Michelle Baird,15607,487.71875,32,3,1,1
f5d91fc1-a419-43d2-a59e-6708ca78e113,Holly Figueroa,1394,464.6666666666667,3,5,2,3
f5fa0f0d-8a02-45da-bc60-472b10c4acf2,Cathy Strickland,18353,539.7941176470588,34,4,1,1
f610a8ca-0775-40d0-8b5c-f3494ca94f75,Stacie Keller,12605,484.8076923076923,26,1,1,0
f6284d8d-14e4-4906-a6ec-5dfcdd62675c,Thomas Gonzalez,9476,498.7368421052632,19,2,3,2
f6665e77-194c-49aa-8f75-35ba4a94b23b,Isaiah Hogan,8885,522.6470588235294,17,2,3,2
f6ccd5df-76a0-4786-8d8f-426e0297d713,Martin Rose,13301,429.06451612903226,31,4,3,1
f709a7dc-bcba-4745-9d4f-e22245837843,Daniel Edwards,14228,474.26666666666665,30,1,3,1
f70b88bf-14ab-4d03-968a-4461fa37fd0e,Julie Horton,13289,531.56,25,3,1,0
f71e5cb6-333a-40d6-8fac-696000d93a44,Deborah Delgado,13314,459.1034482758621,29,1,3,1
f73b0132-b812-4a0a-b779-baaeee1fd2ef,Tara Price,14597,503.3448275862069,29,5,3,1
f757f405-4b35-4c6f-a61c-1052b802a37d,Brandi Maynard,13096,503.6923076923077,26,3,1,0
f7625cd9-200b-4ef5-85ee-6326b9502d5a,Daniel Miller,13054,466.2142857142857,28,3,2,1
f76fa3bf-3f66-43e9-a10a-b3b3e3f609ab,Crystal Murphy,6783,452.2,15,1,1,0
f784b742-4c95-4ddb-b1ce-87c13426e94a,Kyle Randolph,9546,477.3,20,2,1,0
f7a71c46-6add-433c-b9a3-990b75f54cb3,Mitchell Ashley,8552,503.05882352941177,17,2,2,0
f7b53c95-8860-41c7-9311-f82c3ca9a3db,Troy Crawford,7972,468.9411764705882,17,2,2,2
f7c440ab-eb9a-41f4-a0ef-8504fae968ad,Amy Clayton,17329,495.1142857142857,35,5,1,1
f7cc4e1d-4b37-468d-aebe-e96507630ecb,Rodney Miller,9376,493.4736842105263,19,5,1,0
f7f3997f-dd96-4f4c-9c8e-7e8895b313ef,Ralph Potter,13702,428.1875,32,5,3,1
f8289c1d-18c1-415e-b488-d3a7b33bc80d,Kristina Franklin,7500,416.6666666666667,18,2,1,0
f8668ca0-7feb-43f8-9d87-5b3ec975cd2c,Kayla James,10929,455.375,24,1,3,2
f8674325-0325-4d58-b81e-7dfe6ec64dfb,Eric Hunt,11292,513.2727272727273,22,2,3,2
f88ab902-9836-41d1-be5b-97af09f95c75,Lauren Carter,8377,418.85,20,2,1,0
f8908a15-5495-4876-8d0d-f152bf0237b0,Joseph Moss,11102,462.5833333333333,24,2,1,0
f90667aa-0466-4777-ace5-28970ae29ab0,Scott Mckinney,11420,543.8095238095239,21,2,3,2
f912bf08-f713-48d8-8baf-db0b838c1a4a,Jordan Reynolds,12222,452.6666666666667,27,4,2,1
f9393eab-3e53-4fdb-b583-37524b0c6004,Joan Osborn,14869,479.64516129032256,31,4,1,1
f94c137f-1226-4dcc-9836-1b85de7f922f,Danielle Wilcox,7867,491.6875,16,2,2,0
f970f5fa-d246-4a4a-9ea2-8f106a77a3b4,James Wheeler,12878,476.962962962963,27,3,1,1
f98271d1-0a1b-4c0f-afa1-befda3ca347f,Robert Lee,7067,415.7058823529412,17,1,1,0
fa10f759-b498-4b2a-80e6-52b1e2dee109,Tony Kelly,10137,533.5263157894736,19,4,1,0
fa222611-5f65-494c-bbde-f2519c6b13ba,Eddie Estrada,7042,469.4666666666666,15,2,1,0
fa4a6c50-18f2-4264-a13f-5ea4669b7242,Shawn Neal,12067,446.9259259259259,27,5,3,2
fa8d9ea3-f1fe-437b-8592-ea7c61931a9b,Jamie Mcintyre,11336,472.3333333333333,24,2,1,0
facb40a6-0715-4ad5-9c0d-28391a979abe,Alexandria Moon,11360,420.7407407407408,27,1,3,2
fad2d7d8-6105-4b5b-85f2-41de6653d39f,Joseph Kim,6989,436.8125,16,2,1,0
fad2e532-2541-452e-b5f1-83c43ccad175,Cheryl Brown,10691,485.95454545454544,22,1,1,0
fae9a331-1996-4654-a254-33b24245f93c,Julie Hernandez,11949,543.1363636363636,22,3,3,1
faef25b4-bbb3-4e53-8fe7-9b2395a9fee7,Stephanie Williams,8500,447.3684210526316,19,5,1,0
fb02ada2-e615-472a-ac15-654e4c78ffbf,Lucas Gonzalez,10364,450.60869565217394,23,4,1,0
fb2f20ed-7071-4d38-a52b-bffb7517e382,Maria Howard,6344,422.9333333333333,15,4,2,2
fb898339-208e-486c-aa32-5974b47b3f6e,Gail Roberts,16075,459.2857142857143,35,5,1,1
fbaf0402-c9c4-4e1d-b5c9-e4d0efea5665,Joshua Reed,8425,561.6666666666666,15,1,1,0
fc2976d6-4ed8-4f3c-973f-ca00b2794b52,Jacob Greene,13457,480.6071428571428,28,4,1,1
fc568017-35d5-4e6a-a842-e4343d1cf008,Heather Mata,8453,528.3125,16,1,3,2
fc96e975-d058-4613-9b38-b9b36cad8b80,Dan Chavez,14469,498.9310344827586,29,4,2,1
fcb8cac4-fce3-4226-b368-9cab03167b86,Steven Leblanc,8244,484.9411764705882,17,4,3,2
fccf92cb-e227-485e-a399-d01d3dcc14e8,Michael Allison,6526,435.06666666666666,15,2,2,2
fcec3883-61a4-49b8-918d-4e82c9365d0f,Andrea Walters,12099,504.125,24,3,3,2
fd103237-eee6-47e2-af79-0220cfbf6c4b,Keith Lee,15438,498.0,31,2,3,1
fd3e0ae4-9422-4be7-bef6-4f17e68dccb6,Alex Smith,7865,436.94444444444446,18,5,3,2
fd5d4e43-68a0-44ca-8e29-db2f47bed9dc,Lauren Gilbert,8882,493.44444444444446,18,3,3,2
fd9f18be-ebde-4b56-8e47-e692f93c65c3,Nicolas Clark,8284,460.22222222222223,18,4,2,2
fdb1a245-2915-41f2-937f-ed8cf093c359,Susan Myers,8084,538.9333333333333,15,5,1,0
fe091807-d498-403d-a821-8b4b1ab5211c,Andrea Williams,9459,411.2608695652174,23,4,3,2
fe1ca8d4-4e93-4a01-b19a-050c99915b6d,Melissa Summers,12218,555.3636363636364,22,2,1,0
fe1e0266-1567-4f01-ad5a-304e907199e2,Alexandra Smith,8232,433.2631578947368,19,3,3,2
fe4a117e-8e0f-4e72-a8bb-cc6c331bb856,Mckenzie Sanchez,7599,422.1666666666667,18,2,1,0
fe61ad2d-1e45-4257-b8a2-82f3c064fd4f,Carrie Smith,16222,491.5757575757576,33,4,1,1
fe6a80eb-7747-41f2-9494-461250dfa1f0,Eric Jones,10712,428.48,25,1,1,0
fe91fbf5-5af3-402b-a36d-1b3c6ded1ab8,Marissa Mason,7490,468.125,16,1,2,2
fea77886-b50b-438e-b24a-8be62172d203,Michael Johnston,15997,470.5,34,1,3,1
fea8b1b5-5a8e-49ba-a575-7f25e75961d3,Keith Hicks,11523,501.0,23,4,2,0
ff178aeb-2b27-48a2-8702-26bfb37f008e,Carlos Mcgee,13747,416.5757575757576,33,5,1,1
ff2a4bb0-799b-4bb9-a71d-809ba9519cbe,Brian Evans,11562,398.6896551724138,29,2,2,2
ff853704-6db1-42ff-86d9-f010f7716886,Kimberly Jones,14286,510.2142857142857,28,1,2,1
ff867839-4277-4dc8-a5b1-ea7867ea2243,Thomas Harvey,10069,437.7826086956522,23,4,3,2
ffa95ec2-5546-4bef-b196-cb9cd63820c7,Whitney Serrano,9010,429.04761904761904,21,4,1,0
ffcb3c1d-46d1-46c8-bbaa-fbeb9710cb18,Timothy Davidson,11558,481.5833333333333,24,1,2,2
